run_id,timestamp,frequency_GHz,phase_deg
001,2026-03-13T00:15:03.848248,0.1,0.0
001,2026-03-13T00:15:03.848248,0.11457286432160804,0.0
001,2026-03-13T00:15:03.848248,0.12914572864321608,0.0
001,2026-03-13T00:15:03.848248,0.14371859296482414,0.0
001,2026-03-13T00:15:03.848248,0.15829145728643218,0.0
001,2026-03-13T00:15:03.848248,0.17286432160804022,0.0
001,2026-03-13T00:15:03.848248,0.18743718592964825,0.0
001,2026-03-13T00:15:03.848248,0.2020100502512563,0.0
001,2026-03-13T00:15:03.848248,0.21658291457286433,0.0
001,2026-03-13T00:15:03.848248,0.23115577889447236,0.0
001,2026-03-13T00:15:03.848248,0.2457286432160804,0.0
001,2026-03-13T00:15:03.848248,0.26030150753768844,0.0
001,2026-03-13T00:15:03.848248,0.27487437185929653,0.0
001,2026-03-13T00:15:03.848248,0.2894472361809045,0.0
001,2026-03-13T00:15:03.848248,0.3040201005025126,0.0
001,2026-03-13T00:15:03.848248,0.3185929648241206,0.0
001,2026-03-13T00:15:03.848248,0.3331658291457287,0.0
001,2026-03-13T00:15:03.848248,0.34773869346733666,0.0
001,2026-03-13T00:15:03.848248,0.36231155778894475,0.0
001,2026-03-13T00:15:03.848248,0.37688442211055273,0.0
001,2026-03-13T00:15:03.848248,0.3914572864321608,0.0
001,2026-03-13T00:15:03.848248,0.4060301507537688,0.0
001,2026-03-13T00:15:03.848248,0.4206030150753769,0.0
001,2026-03-13T00:15:03.848248,0.4351758793969849,0.0
001,2026-03-13T00:15:03.848248,0.44974874371859297,0.0
001,2026-03-13T00:15:03.848248,0.46432160804020106,0.0
001,2026-03-13T00:15:03.848248,0.47889447236180904,0.0
001,2026-03-13T00:15:03.848248,0.49346733668341713,0.0
001,2026-03-13T00:15:03.848248,0.5080402010050251,0.0
001,2026-03-13T00:15:03.848248,0.5226130653266332,0.0
001,2026-03-13T00:15:03.848248,0.5371859296482412,0.0
001,2026-03-13T00:15:03.848248,0.5517587939698493,0.0
001,2026-03-13T00:15:03.848248,0.5663316582914573,0.0
001,2026-03-13T00:15:03.848248,0.5809045226130654,0.0
001,2026-03-13T00:15:03.848248,0.5954773869346733,0.0
001,2026-03-13T00:15:03.848248,0.6100502512562814,0.0
001,2026-03-13T00:15:03.848248,0.6246231155778894,0.0
001,2026-03-13T00:15:03.848248,0.6391959798994975,0.0
001,2026-03-13T00:15:03.848248,0.6537688442211055,0.0
001,2026-03-13T00:15:03.848248,0.6683417085427136,0.0
001,2026-03-13T00:15:03.848248,0.6829145728643216,0.0
001,2026-03-13T00:15:03.848248,0.6974874371859296,0.0
001,2026-03-13T00:15:03.848248,0.7120603015075376,0.0
001,2026-03-13T00:15:03.848248,0.7266331658291457,0.0
001,2026-03-13T00:15:03.848248,0.7412060301507537,0.0
001,2026-03-13T00:15:03.848248,0.7557788944723618,0.0
001,2026-03-13T00:15:03.848248,0.7703517587939698,0.0
001,2026-03-13T00:15:03.848248,0.7849246231155779,0.0
001,2026-03-13T00:15:03.848248,0.799497487437186,0.0
001,2026-03-13T00:15:03.848248,0.8140703517587939,0.0
001,2026-03-13T00:15:03.848248,0.828643216080402,0.0
001,2026-03-13T00:15:03.848248,0.84321608040201,0.0
001,2026-03-13T00:15:03.848248,0.8577889447236181,0.0
001,2026-03-13T00:15:03.848248,0.8723618090452261,0.0
001,2026-03-13T00:15:03.848248,0.8869346733668342,0.0
001,2026-03-13T00:15:03.848248,0.9015075376884422,0.0
001,2026-03-13T00:15:03.848248,0.9160804020100503,0.0
001,2026-03-13T00:15:03.848248,0.9306532663316582,0.0
001,2026-03-13T00:15:03.848248,0.9452261306532663,0.0
001,2026-03-13T00:15:03.848248,0.9597989949748743,0.0
001,2026-03-13T00:15:03.848248,0.9743718592964824,0.0
001,2026-03-13T00:15:03.848248,0.9889447236180904,0.0
001,2026-03-13T00:15:03.848248,1.0035175879396985,0.0
001,2026-03-13T00:15:03.848248,1.0180904522613066,0.0
001,2026-03-13T00:15:03.848248,1.0326633165829147,0.0
001,2026-03-13T00:15:03.848248,1.0472361809045228,0.0
001,2026-03-13T00:15:03.848248,1.0618090452261306,0.0
001,2026-03-13T00:15:03.848248,1.0763819095477387,0.0
001,2026-03-13T00:15:03.848248,1.0909547738693468,0.0
001,2026-03-13T00:15:03.848248,1.105527638190955,0.0
001,2026-03-13T00:15:03.848248,1.120100502512563,0.0
001,2026-03-13T00:15:03.848248,1.1346733668341709,0.0
001,2026-03-13T00:15:03.848248,1.149246231155779,0.0
001,2026-03-13T00:15:03.848248,1.163819095477387,0.0
001,2026-03-13T00:15:03.848248,1.1783919597989951,0.0
001,2026-03-13T00:15:03.848248,1.192964824120603,0.0
001,2026-03-13T00:15:03.848248,1.207537688442211,0.0
001,2026-03-13T00:15:03.848248,1.2221105527638192,0.0
001,2026-03-13T00:15:03.848248,1.2366834170854273,0.0
001,2026-03-13T00:15:03.848248,1.2512562814070352,0.0
001,2026-03-13T00:15:03.848248,1.2658291457286432,0.0
001,2026-03-13T00:15:03.848248,1.2804020100502513,0.0
001,2026-03-13T00:15:03.848248,1.2949748743718594,0.0
001,2026-03-13T00:15:03.848248,1.3095477386934675,0.0
001,2026-03-13T00:15:03.848248,1.3241206030150754,0.0
001,2026-03-13T00:15:03.848248,1.3386934673366835,0.0
001,2026-03-13T00:15:03.848248,1.3532663316582916,0.0
001,2026-03-13T00:15:03.848248,1.3678391959798997,0.0
001,2026-03-13T00:15:03.848248,1.3824120603015075,0.0
001,2026-03-13T00:15:03.848248,1.3969849246231156,0.0
001,2026-03-13T00:15:03.848248,1.4115577889447237,0.0
001,2026-03-13T00:15:03.848248,1.4261306532663318,0.0
001,2026-03-13T00:15:03.848248,1.4407035175879397,0.0
001,2026-03-13T00:15:03.848248,1.4552763819095478,0.0
001,2026-03-13T00:15:03.848248,1.4698492462311559,0.0
001,2026-03-13T00:15:03.848248,1.484422110552764,0.0
001,2026-03-13T00:15:03.848248,1.498994974874372,0.0
001,2026-03-13T00:15:03.848248,1.51356783919598,0.0
001,2026-03-13T00:15:03.848248,1.528140703517588,0.0
001,2026-03-13T00:15:03.848248,1.542713567839196,0.0
001,2026-03-13T00:15:03.848248,1.5572864321608042,0.0
001,2026-03-13T00:15:03.848248,1.571859296482412,0.0
001,2026-03-13T00:15:03.848248,1.5864321608040202,0.0
001,2026-03-13T00:15:03.848248,1.6010050251256283,0.0
001,2026-03-13T00:15:03.848248,1.6155778894472363,0.0
001,2026-03-13T00:15:03.848248,1.6301507537688442,0.0
001,2026-03-13T00:15:03.848248,1.6447236180904523,0.0
001,2026-03-13T00:15:03.848248,1.6592964824120604,0.0
001,2026-03-13T00:15:03.848248,1.6738693467336685,0.0
001,2026-03-13T00:15:03.848248,1.6884422110552764,0.0
001,2026-03-13T00:15:03.848248,1.7030150753768845,0.0
001,2026-03-13T00:15:03.848248,1.7175879396984925,0.0
001,2026-03-13T00:15:03.848248,1.7321608040201006,0.0
001,2026-03-13T00:15:03.848248,1.7467336683417087,0.0
001,2026-03-13T00:15:03.848248,1.7613065326633166,0.0
001,2026-03-13T00:15:03.848248,1.7758793969849247,0.0
001,2026-03-13T00:15:03.848248,1.7904522613065328,0.0
001,2026-03-13T00:15:03.848248,1.8050251256281409,0.0
001,2026-03-13T00:15:03.848248,1.8195979899497488,0.0
001,2026-03-13T00:15:03.848248,1.8341708542713568,0.0
001,2026-03-13T00:15:03.848248,1.848743718592965,0.0
001,2026-03-13T00:15:03.848248,1.863316582914573,0.0
001,2026-03-13T00:15:03.848248,1.877889447236181,0.0
001,2026-03-13T00:15:03.848248,1.892462311557789,0.0
001,2026-03-13T00:15:03.848248,1.907035175879397,0.0
001,2026-03-13T00:15:03.848248,1.9216080402010052,0.0
001,2026-03-13T00:15:03.848248,1.936180904522613,0.0
001,2026-03-13T00:15:03.848248,1.9507537688442211,0.0
001,2026-03-13T00:15:03.848248,1.9653266331658292,0.0
001,2026-03-13T00:15:03.848248,1.9798994974874373,0.0
001,2026-03-13T00:15:03.848248,1.9944723618090454,0.0
001,2026-03-13T00:15:03.848248,2.0090452261306533,0.0
001,2026-03-13T00:15:03.848248,2.023618090452261,0.0
001,2026-03-13T00:15:03.848248,2.0381909547738695,0.0
001,2026-03-13T00:15:03.848248,2.0527638190954773,0.0
001,2026-03-13T00:15:03.848248,2.067336683417085,0.0
001,2026-03-13T00:15:03.848248,2.0819095477386935,0.0
001,2026-03-13T00:15:03.848248,2.0964824120603014,0.0
001,2026-03-13T00:15:03.848248,2.1110552763819097,0.0
001,2026-03-13T00:15:03.848248,2.1256281407035176,0.0
001,2026-03-13T00:15:03.848248,2.140201005025126,0.0
001,2026-03-13T00:15:03.848248,2.1547738693467338,0.0
001,2026-03-13T00:15:03.848248,2.1693467336683416,0.0
001,2026-03-13T00:15:03.848248,2.18391959798995,0.0
001,2026-03-13T00:15:03.848248,2.198492462311558,0.0
001,2026-03-13T00:15:03.848248,2.213065326633166,0.0
001,2026-03-13T00:15:03.848248,2.227638190954774,0.0
001,2026-03-13T00:15:03.848248,2.242211055276382,0.0
001,2026-03-13T00:15:03.848248,2.25678391959799,0.0
001,2026-03-13T00:15:03.848248,2.271356783919598,0.0
001,2026-03-13T00:15:03.848248,2.285929648241206,0.0
001,2026-03-13T00:15:03.848248,2.3005025125628142,0.0
001,2026-03-13T00:15:03.848248,2.315075376884422,0.0
001,2026-03-13T00:15:03.848248,2.3296482412060304,0.0
001,2026-03-13T00:15:03.848248,2.3442211055276383,0.0
001,2026-03-13T00:15:03.848248,2.358793969849246,0.0
001,2026-03-13T00:15:03.848248,2.3733668341708545,0.0
001,2026-03-13T00:15:03.848248,2.3879396984924623,0.0
001,2026-03-13T00:15:03.848248,2.40251256281407,0.0
001,2026-03-13T00:15:03.848248,2.4170854271356785,0.0
001,2026-03-13T00:15:03.848248,2.4316582914572864,0.0
001,2026-03-13T00:15:03.848248,2.4462311557788947,0.0
001,2026-03-13T00:15:03.848248,2.4608040201005026,0.0
001,2026-03-13T00:15:03.848248,2.4753768844221105,0.0
001,2026-03-13T00:15:03.848248,2.4899497487437188,0.0
001,2026-03-13T00:15:03.848248,2.5045226130653266,0.0
001,2026-03-13T00:15:03.848248,2.519095477386935,0.0
001,2026-03-13T00:15:03.848248,2.533668341708543,0.0
001,2026-03-13T00:15:03.848248,2.5482412060301507,0.0
001,2026-03-13T00:15:03.848248,2.562814070351759,0.0
001,2026-03-13T00:15:03.848248,2.577386934673367,0.0
001,2026-03-13T00:15:03.848248,2.5919597989949748,0.0
001,2026-03-13T00:15:03.848248,2.606532663316583,0.0
001,2026-03-13T00:15:03.848248,2.621105527638191,0.0
001,2026-03-13T00:15:03.848248,2.6356783919597992,0.0
001,2026-03-13T00:15:03.848248,2.650251256281407,0.0
001,2026-03-13T00:15:03.848248,2.664824120603015,0.0
001,2026-03-13T00:15:03.848248,2.6793969849246233,0.0
001,2026-03-13T00:15:03.848248,2.693969849246231,0.0
001,2026-03-13T00:15:03.848248,2.7085427135678395,0.0
001,2026-03-13T00:15:03.848248,2.7231155778894474,0.0
001,2026-03-13T00:15:03.848248,2.7376884422110552,0.0
001,2026-03-13T00:15:03.848248,2.7522613065326635,0.0
001,2026-03-13T00:15:03.848248,2.7668341708542714,0.0
001,2026-03-13T00:15:03.848248,2.7814070351758793,0.0
001,2026-03-13T00:15:03.848248,2.7959798994974876,0.0
001,2026-03-13T00:15:03.848248,2.8105527638190955,0.0
001,2026-03-13T00:15:03.848248,2.825125628140704,0.0
001,2026-03-13T00:15:03.848248,2.8396984924623117,0.0
001,2026-03-13T00:15:03.848248,2.8542713567839195,0.0
001,2026-03-13T00:15:03.848248,2.868844221105528,0.0
001,2026-03-13T00:15:03.848248,2.8834170854271357,0.0
001,2026-03-13T00:15:03.848248,2.897989949748744,0.0
001,2026-03-13T00:15:03.848248,2.912562814070352,0.0
001,2026-03-13T00:15:03.848248,2.9271356783919598,0.0
001,2026-03-13T00:15:03.848248,2.941708542713568,0.0
001,2026-03-13T00:15:03.848248,2.956281407035176,0.0
001,2026-03-13T00:15:03.848248,2.970854271356784,0.0
001,2026-03-13T00:15:03.848248,2.985427135678392,0.0
001,2026-03-13T00:15:03.848248,3.0,0.0
002,2026-03-13T00:15:03.851255,0.1,22.48510001811883
002,2026-03-13T00:15:03.851255,0.11457286432160804,25.77340977533663
002,2026-03-13T00:15:03.851255,0.12914572864321608,29.063096306430225
002,2026-03-13T00:15:03.851255,0.14371859296482414,32.354003065088364
002,2026-03-13T00:15:03.851255,0.15829145728643218,35.64600548444605
002,2026-03-13T00:15:03.851255,0.17286432160804022,38.93900207687852
002,2026-03-13T00:15:03.851255,0.18743718592964825,42.23290855916207
002,2026-03-13T00:15:03.851255,0.2020100502512563,45.5276538171222
002,2026-03-13T00:15:03.851255,0.21658291457286433,48.823177041568215
002,2026-03-13T00:15:03.851255,0.23115577889447236,52.11942563903585
002,2026-03-13T00:15:03.851255,0.2457286432160804,55.416353671804245
002,2026-03-13T00:15:03.851255,0.26030150753768844,58.71392066947601
002,2026-03-13T00:15:03.851255,0.27487437185929653,62.01209070769073
002,2026-03-13T00:15:03.851255,0.2894472361809045,65.3108316828584
002,2026-03-13T00:15:03.851255,0.3040201005025126,68.61011473342114
002,2026-03-13T00:15:03.851255,0.3185929648241206,71.90991377239288
002,2026-03-13T00:15:03.851255,0.3331658291457287,75.2102051056604
002,2026-03-13T00:15:03.851255,0.34773869346733666,78.51096711723085
002,2026-03-13T00:15:03.851255,0.36231155778894475,81.81218000736862
002,2026-03-13T00:15:03.851255,0.37688442211055273,85.11382557296201
002,2026-03-13T00:15:03.851255,0.3914572864321608,88.41588702191984
002,2026-03-13T00:15:03.851255,0.4060301507537688,91.71834881527366
002,2026-03-13T00:15:03.851255,0.4206030150753769,95.02119653198451
002,2026-03-13T00:15:03.851255,0.4351758793969849,98.32441675252494
002,2026-03-13T00:15:03.851255,0.44974874371859297,101.62799695807917
002,2026-03-13T00:15:03.851255,0.46432160804020106,104.93192544283102
002,2026-03-13T00:15:03.851255,0.47889447236180904,108.23619123728986
002,2026-03-13T00:15:03.851255,0.49346733668341713,111.5407840409498
002,2026-03-13T00:15:03.851255,0.5080402010050251,114.84569416292015
002,2026-03-13T00:15:03.851255,0.5226130653266332,118.15091246939573
002,2026-03-13T00:15:03.851255,0.5371859296482412,121.45643033695978
002,2026-03-13T00:15:03.851255,0.5517587939698493,124.76223961100095
002,2026-03-13T00:15:03.851255,0.5663316582914573,128.06833256849495
002,2026-03-13T00:15:03.851255,0.5809045226130654,131.3747018846525
002,2026-03-13T00:15:03.851255,0.5954773869346733,134.68134060288412
002,2026-03-13T00:15:03.851255,0.6100502512562814,137.98824210774728
002,2026-03-13T00:15:03.851255,0.6246231155778894,141.29540010045457
002,2026-03-13T00:15:03.851255,0.6391959798994975,144.6028085766775
002,2026-03-13T00:15:03.851255,0.6537688442211055,147.9104618063784
002,2026-03-13T00:15:03.851255,0.6683417085427136,151.21835431544605
002,2026-03-13T00:15:03.851255,0.6829145728643216,154.52648086892714
002,2026-03-13T00:15:03.851255,0.6974874371859296,157.83483645570232
002,2026-03-13T00:15:03.851255,0.7120603015075376,161.14341627442354
002,2026-03-13T00:15:03.851255,0.7266331658291457,164.45221572063565
002,2026-03-13T00:15:03.851255,0.7412060301507537,167.76123037489288
002,2026-03-13T00:15:03.851255,0.7557788944723618,171.07045599185585
002,2026-03-13T00:15:03.851255,0.7703517587939698,174.3798884901853
002,2026-03-13T00:15:03.851255,0.7849246231155779,177.68952394323333
002,2026-03-13T00:15:03.851255,0.799497487437186,-179.0006414295749
002,2026-03-13T00:15:03.851255,0.8140703517587939,-175.69061127076748
002,2026-03-13T00:15:03.851255,0.828643216080402,-172.3803890922154
002,2026-03-13T00:15:03.851255,0.84321608040201,-169.0699782820584
002,2026-03-13T00:15:03.851255,0.8577889447236181,-165.75938211111315
002,2026-03-13T00:15:03.851255,0.8723618090452261,-162.44860373886968
002,2026-03-13T00:15:03.851255,0.8869346733668342,-159.1376462190774
002,2026-03-13T00:15:03.851255,0.9015075376884422,-155.826512504962
002,2026-03-13T00:15:03.851255,0.9160804020100503,-152.51520545409767
002,2026-03-13T00:15:03.851255,0.9306532663316582,-149.2037278330008
002,2026-03-13T00:15:03.851255,0.9452261306532663,-145.89208232137025
002,2026-03-13T00:15:03.851255,0.9597989949748743,-142.58027151616625
002,2026-03-13T00:15:03.851255,0.9743718592964824,-139.26829793533398
002,2026-03-13T00:15:03.851255,0.9889447236180904,-135.95616402138148
002,2026-03-13T00:15:03.851255,1.0035175879396985,-132.6438721446957
002,2026-03-13T00:15:03.851255,1.0180904522613066,-129.33142460671115
002,2026-03-13T00:15:03.851255,1.0326633165829147,-126.01882364286394
002,2026-03-13T00:15:03.851255,1.0472361809045228,-122.70607142538938
002,2026-03-13T00:15:03.851255,1.0618090452261306,-119.39317006596684
002,2026-03-13T00:15:03.851255,1.0763819095477387,-116.08012161820261
002,2026-03-13T00:15:03.851255,1.0909547738693468,-112.76692808000917
002,2026-03-13T00:15:03.851255,1.105527638190955,-109.45359139583707
002,2026-03-13T00:15:03.851255,1.120100502512563,-106.14011345878498
002,2026-03-13T00:15:03.851255,1.1346733668341709,-102.82649611260058
002,2026-03-13T00:15:03.851255,1.149246231155779,-99.51274115359774
002,2026-03-13T00:15:03.851255,1.163819095477387,-96.19885033246464
002,2026-03-13T00:15:03.851255,1.1783919597989951,-92.88482535595904
002,2026-03-13T00:15:03.851255,1.192964824120603,-89.57066788856537
002,2026-03-13T00:15:03.851255,1.207537688442211,-86.25637955402635
002,2026-03-13T00:15:03.851255,1.2221105527638192,-82.94196193683274
002,2026-03-13T00:15:03.851255,1.2366834170854273,-79.62741658361483
002,2026-03-13T00:15:03.851255,1.2512562814070352,-76.31274500451036
002,2026-03-13T00:15:03.851255,1.2658291457286432,-72.99794867439232
002,2026-03-13T00:15:03.851255,1.2804020100502513,-69.68302903415679
002,2026-03-13T00:15:03.851255,1.2949748743718594,-66.36798749180525
002,2026-03-13T00:15:03.851255,1.3095477386934675,-63.05282542362147
002,2026-03-13T00:15:03.851255,1.3241206030150754,-59.737544175206494
002,2026-03-13T00:15:03.851255,1.3386934673366835,-56.42214506248456
002,2026-03-13T00:15:03.851255,1.3532663316582916,-53.10662937268535
002,2026-03-13T00:15:03.851255,1.3678391959798997,-49.790998365266205
002,2026-03-13T00:15:03.851255,1.3824120603015075,-46.47525327281983
002,2026-03-13T00:15:03.851255,1.3969849246231156,-43.15939530187461
002,2026-03-13T00:15:03.851255,1.4115577889447237,-39.84342563377686
002,2026-03-13T00:15:03.851255,1.4261306532663318,-36.52734542543476
002,2026-03-13T00:15:03.851255,1.4407035175879397,-33.21115581005688
002,2026-03-13T00:15:03.851255,1.4552763819095478,-29.894857897908878
002,2026-03-13T00:15:03.851255,1.4698492462311559,-26.57845277695742
002,2026-03-13T00:15:03.851255,1.484422110552764,-23.261941513597776
002,2026-03-13T00:15:03.851255,1.498994974874372,-19.945325153221347
002,2026-03-13T00:15:03.851255,1.51356783919598,-16.62860472086868
002,2026-03-13T00:15:03.851255,1.528140703517588,-13.311781221806086
002,2026-03-13T00:15:03.851255,1.542713567839196,-9.994855642105904
002,2026-03-13T00:15:03.851255,1.5572864321608042,-6.677828949179457
002,2026-03-13T00:15:03.851255,1.571859296482412,-3.360702092284555
002,2026-03-13T00:15:03.851255,1.5864321608040202,-0.043476003063915414
002,2026-03-13T00:15:03.851255,1.6010050251256283,3.2738484039782634
002,2026-03-13T00:15:03.851255,1.6155778894472363,6.591270231032468
002,2026-03-13T00:15:03.851255,1.6301507537688442,9.908788596501836
002,2026-03-13T00:15:03.851255,1.6447236180904523,13.226402634574697
002,2026-03-13T00:15:03.851255,1.6592964824120604,16.544111494822573
002,2026-03-13T00:15:03.851255,1.6738693467336685,19.861914341756346
002,2026-03-13T00:15:03.851255,1.6884422110552764,23.179810354475194
002,2026-03-13T00:15:03.851255,1.7030150753768845,26.497798726260953
002,2026-03-13T00:15:03.851255,1.7175879396984925,29.81587866423797
002,2026-03-13T00:15:03.851255,1.7321608040201006,33.13404938900567
002,2026-03-13T00:15:03.851255,1.7467336683417087,36.452310134282015
002,2026-03-13T00:15:03.851255,1.7613065326633166,39.7706601466125
002,2026-03-13T00:15:03.851255,1.7758793969849247,43.08909868501178
002,2026-03-13T00:15:03.851255,1.7904522613065328,46.407625020699925
002,2026-03-13T00:15:03.851255,1.8050251256281409,49.72623843676047
002,2026-03-13T00:15:03.851255,1.8195979899497488,53.04493822787117
002,2026-03-13T00:15:03.851255,1.8341708542713568,56.36372370004392
002,2026-03-13T00:15:03.851255,1.848743718592965,59.68259417031368
002,2026-03-13T00:15:03.851255,1.863316582914573,63.00154896652384
002,2026-03-13T00:15:03.851255,1.877889447236181,66.3205874270243
002,2026-03-13T00:15:03.851255,1.892462311557789,69.63970890047494
002,2026-03-13T00:15:03.851255,1.907035175879397,72.9589127455547
002,2026-03-13T00:15:03.851255,1.9216080402010052,76.27819833079411
002,2026-03-13T00:15:03.851255,1.936180904522613,79.59756503429162
002,2026-03-13T00:15:03.851255,1.9507537688442211,82.91701224353164
002,2026-03-13T00:15:03.851255,1.9653266331658292,86.23653935516631
002,2026-03-13T00:15:03.851255,1.9798994974874373,89.55614577481174
002,2026-03-13T00:15:03.851255,1.9944723618090454,92.87583091683337
002,2026-03-13T00:15:03.851255,2.0090452261306533,96.19559420418227
002,2026-03-13T00:15:03.851255,2.023618090452261,99.51543506819507
002,2026-03-13T00:15:03.851255,2.0381909547738695,102.83535294841568
002,2026-03-13T00:15:03.851255,2.0527638190954773,106.15534729240244
002,2026-03-13T00:15:03.851255,2.067336683417085,109.47541755556813
002,2026-03-13T00:15:03.851255,2.0819095477386935,112.79556320103438
002,2026-03-13T00:15:03.851255,2.0964824120603014,116.11578369944618
002,2026-03-13T00:15:03.851255,2.1110552763819097,119.4360785288045
002,2026-03-13T00:15:03.851255,2.1256281407035176,122.75644717433897
002,2026-03-13T00:15:03.851255,2.140201005025126,126.07688912835874
002,2026-03-13T00:15:03.851255,2.1547738693467338,129.39740389008148
002,2026-03-13T00:15:03.851255,2.1693467336683416,132.71799096551695
002,2026-03-13T00:15:03.851255,2.18391959798995,136.0386498673215
002,2026-03-13T00:15:03.851255,2.198492462311558,139.35938011467078
002,2026-03-13T00:15:03.851255,2.213065326633166,142.6801812331214
002,2026-03-13T00:15:03.851255,2.227638190954774,146.00105275448732
002,2026-03-13T00:15:03.851255,2.242211055276382,149.3219942167052
002,2026-03-13T00:15:03.851255,2.25678391959799,152.6430051637617
002,2026-03-13T00:15:03.851255,2.271356783919598,155.9640851455224
002,2026-03-13T00:15:03.851255,2.285929648241206,159.2852337176264
002,2026-03-13T00:15:03.851255,2.3005025125628142,162.60645044140256
002,2026-03-13T00:15:03.851255,2.315075376884422,165.92773488374587
002,2026-03-13T00:15:03.851255,2.3296482412060304,169.24908661700465
002,2026-03-13T00:15:03.851255,2.3442211055276383,172.57050521889687
002,2026-03-13T00:15:03.851255,2.358793969849246,175.89199027239738
002,2026-03-13T00:15:03.851255,2.3733668341708545,179.21354136563605
002,2026-03-13T00:15:03.851255,2.3879396984924623,-177.46484190820047
002,2026-03-13T00:15:03.851255,2.40251256281407,-174.14315995091602
002,2026-03-13T00:15:03.851255,2.4170854271356785,-170.82141315946865
002,2026-03-13T00:15:03.851255,2.4316582914572864,-167.49960192601066
002,2026-03-13T00:15:03.851255,2.4462311557788947,-164.17772663798314
002,2026-03-13T00:15:03.851255,2.4608040201005026,-160.85578767820334
002,2026-03-13T00:15:03.851255,2.4753768844221105,-157.5337854249483
002,2026-03-13T00:15:03.851255,2.4899497487437188,-154.2117202520276
002,2026-03-13T00:15:03.851255,2.5045226130653266,-150.8895925288998
002,2026-03-13T00:15:03.851255,2.519095477386935,-147.56740262066887
002,2026-03-13T00:15:03.851255,2.533668341708543,-144.24515088824046
002,2026-03-13T00:15:03.851255,2.5482412060301507,-140.92283768834386
002,2026-03-13T00:15:03.851255,2.562814070351759,-137.60046337363747
002,2026-03-13T00:15:03.851255,2.577386934673367,-134.2780282927597
002,2026-03-13T00:15:03.851255,2.5919597989949748,-130.9555327903836
002,2026-03-13T00:15:03.851255,2.606532663316583,-127.63297720731862
002,2026-03-13T00:15:03.851255,2.621105527638191,-124.31036188055077
002,2026-03-13T00:15:03.851255,2.6356783919597992,-120.98768714331891
002,2026-03-13T00:15:03.851255,2.650251256281407,-117.66495332515115
002,2026-03-13T00:15:03.851255,2.664824120603015,-114.34216075196673
002,2026-03-13T00:15:03.851255,2.6793969849246233,-111.01930974610877
002,2026-03-13T00:15:03.851255,2.693969849246231,-107.69640062639883
002,2026-03-13T00:15:03.851255,2.7085427135678395,-104.37343370822418
002,2026-03-13T00:15:03.851255,2.7231155778894474,-101.0504093035488
002,2026-03-13T00:15:03.851255,2.7376884422110552,-97.7273277210079
002,2026-03-13T00:15:03.851255,2.7522613065326635,-94.40418926593338
002,2026-03-13T00:15:03.851255,2.7668341708542714,-91.08099424044485
002,2026-03-13T00:15:03.851255,2.7814070351758793,-87.75774294343864
002,2026-03-13T00:15:03.851255,2.7959798994974876,-84.43443567070062
002,2026-03-13T00:15:03.851255,2.8105527638190955,-81.11107271491346
002,2026-03-13T00:15:03.851255,2.825125628140704,-77.78765436571848
002,2026-03-13T00:15:03.851255,2.8396984924623117,-74.46418090978113
002,2026-03-13T00:15:03.851255,2.8542713567839195,-71.14065263080556
002,2026-03-13T00:15:03.851255,2.868844221105528,-67.81706980961826
002,2026-03-13T00:15:03.851255,2.8834170854271357,-64.49343272412443
002,2026-03-13T00:15:03.851255,2.897989949748744,-61.16974164949352
002,2026-03-13T00:15:03.851255,2.912562814070352,-57.84599685807552
002,2026-03-13T00:15:03.851255,2.9271356783919598,-54.522198619510164
002,2026-03-13T00:15:03.851255,2.941708542713568,-51.198347200730495
002,2026-03-13T00:15:03.851255,2.956281407035176,-47.87444286604659
002,2026-03-13T00:15:03.851255,2.970854271356784,-44.55048587712736
002,2026-03-13T00:15:03.851255,2.985427135678392,-41.22647649310238
002,2026-03-13T00:15:03.851255,3.0,-37.902414970532845
003,2026-03-13T00:15:03.855204,0.1,3.081801653212551
003,2026-03-13T00:15:03.855204,0.11457286432160804,3.532496488365723
003,2026-03-13T00:15:03.855204,0.12914572864321608,3.9833800237695414
003,2026-03-13T00:15:03.855204,0.14371859296482414,4.434430803229134
003,2026-03-13T00:15:03.855204,0.15829145728643218,4.88563175364402
003,2026-03-13T00:15:03.855204,0.17286432160804022,5.336968965149026
003,2026-03-13T00:15:03.855204,0.18743718592964825,5.788430885907701
003,2026-03-13T00:15:03.855204,0.2020100502512563,6.240007769030626
003,2026-03-13T00:15:03.855204,0.21658291457286433,6.691691280027726
003,2026-03-13T00:15:03.855204,0.23115577889447236,7.143474210451586
003,2026-03-13T00:15:03.855204,0.2457286432160804,7.595350264092758
003,2026-03-13T00:15:03.855204,0.26030150753768844,8.047313894088802
003,2026-03-13T00:15:03.855204,0.27487437185929653,8.499360176655955
003,2026-03-13T00:15:03.855204,0.2894472361809045,8.95148471168568
003,2026-03-13T00:15:03.855204,0.3040201005025126,9.403683543421266
003,2026-03-13T00:15:03.855204,0.3185929648241206,9.855953096386202
003,2026-03-13T00:15:03.855204,0.3331658291457287,10.30829012307322
003,2026-03-13T00:15:03.855204,0.34773869346733666,10.760691660798784
003,2026-03-13T00:15:03.855204,0.36231155778894475,11.213154995817604
003,2026-03-13T00:15:03.855204,0.37688442211055273,11.665677633216092
003,2026-03-13T00:15:03.855204,0.3914572864321608,12.11825727147425
003,2026-03-13T00:15:03.855204,0.4060301507537688,12.57089178082606
003,2026-03-13T00:15:03.855204,0.4206030150753769,13.023579184728533
003,2026-03-13T00:15:03.855204,0.4351758793969849,13.476317643902803
003,2026-03-13T00:15:03.855204,0.44974874371859297,13.92910544252436
003,2026-03-13T00:15:03.855204,0.46432160804020106,14.381940976197257
003,2026-03-13T00:15:03.855204,0.47889447236180904,14.834822741448079
003,2026-03-13T00:15:03.855204,0.49346733668341713,15.287749326488665
003,2026-03-13T00:15:03.855204,0.5080402010050251,15.740719403090225
003,2026-03-13T00:15:03.855204,0.5226130653266332,16.193731719376046
003,2026-03-13T00:15:03.855204,0.5371859296482412,16.646785093422295
003,2026-03-13T00:15:03.855204,0.5517587939698493,17.099878407560936
003,2026-03-13T00:15:03.855204,0.5663316582914573,17.553010603275652
003,2026-03-13T00:15:03.855204,0.5809045226130654,18.00618067663345
003,2026-03-13T00:15:03.855204,0.5954773869346733,18.459387674165555
003,2026-03-13T00:15:03.855204,0.6100502512562814,18.912630689162143
003,2026-03-13T00:15:03.855204,0.6246231155778894,19.36590885831174
003,2026-03-13T00:15:03.855204,0.6391959798994975,19.819221358662617
003,2026-03-13T00:15:03.855204,0.6537688442211055,20.27256740485882
003,2026-03-13T00:15:03.855204,0.6683417085427136,20.72594624661997
003,2026-03-13T00:15:03.855204,0.6829145728643216,21.179357166444788
003,2026-03-13T00:15:03.855204,0.6974874371859296,21.632799477509252
003,2026-03-13T00:15:03.855204,0.7120603015075376,22.086272521743012
003,2026-03-13T00:15:03.855204,0.7266331658291457,22.53977566806134
003,2026-03-13T00:15:03.855204,0.7412060301507537,22.993308310733482
003,2026-03-13T00:15:03.855204,0.7557788944723618,23.446869867899295
003,2026-03-13T00:15:03.855204,0.7703517587939698,23.900459780166784
003,2026-03-13T00:15:03.855204,0.7849246231155779,24.354077509353374
003,2026-03-13T00:15:03.855204,0.799497487437186,24.80772253729083
003,2026-03-13T00:15:03.855204,0.8140703517587939,25.261394364741136
003,2026-03-13T00:15:03.855204,0.828643216080402,25.71509251036332
003,2026-03-13T00:15:03.855204,0.84321608040201,26.16881650978212
003,2026-03-13T00:15:03.855204,0.8577889447236181,26.622565914699408
003,2026-03-13T00:15:03.855204,0.8723618090452261,27.076340292078385
003,2026-03-13T00:15:03.855204,0.8869346733668342,27.530139223369588
003,2026-03-13T00:15:03.855204,0.9015075376884422,27.983962303807857
003,2026-03-13T00:15:03.855204,0.9160804020100503,28.43780914173294
003,2026-03-13T00:15:03.855204,0.9306532663316582,28.891679357966495
003,2026-03-13T00:15:03.855204,0.9452261306532663,29.34557258523091
003,2026-03-13T00:15:03.855204,0.9597989949748743,29.799488467588162
003,2026-03-13T00:15:03.855204,0.9743718592964824,30.253426659926845
003,2026-03-13T00:15:03.855204,0.9889447236180904,30.70738682748197
003,2026-03-13T00:15:03.855204,1.0035175879396985,31.161368645362018
003,2026-03-13T00:15:03.855204,1.0180904522613066,31.615371798141496
003,2026-03-13T00:15:03.855204,1.0326633165829147,32.06939597942437
003,2026-03-13T00:15:03.855204,1.0472361809045228,32.52344089148937
003,2026-03-13T00:15:03.855204,1.0618090452261306,32.97750624490982
003,2026-03-13T00:15:03.855204,1.0763819095477387,33.43159175821711
003,2026-03-13T00:15:03.855204,1.0909547738693468,33.88569715757694
003,2026-03-13T00:15:03.855204,1.105527638190955,34.33982217648736
003,2026-03-13T00:15:03.855204,1.120100502512563,34.79396655547862
003,2026-03-13T00:15:03.855204,1.1346733668341709,35.248130041849436
003,2026-03-13T00:15:03.855204,1.149246231155779,35.70231238939414
003,2026-03-13T00:15:03.855204,1.163819095477387,36.156513358164375
003,2026-03-13T00:15:03.855204,1.1783919597989951,36.61073271423447
003,2026-03-13T00:15:03.855204,1.192964824120603,37.06497022946678
003,2026-03-13T00:15:03.855204,1.207537688442211,37.51922568131886
003,2026-03-13T00:15:03.855204,1.2221105527638192,37.973498852610646
003,2026-03-13T00:15:03.855204,1.2366834170854273,38.427789531369854
003,2026-03-13T00:15:03.855204,1.2512562814070352,38.882097510613676
003,2026-03-13T00:15:03.855204,1.2658291457286432,39.33642258819964
003,2026-03-13T00:15:03.855204,1.2804020100502513,39.79076456663461
003,2026-03-13T00:15:03.855204,1.2949748743718594,40.245123252940175
003,2026-03-13T00:15:03.855204,1.3095477386934675,40.69949845848532
003,2026-03-13T00:15:03.855204,1.3241206030150754,41.15388999883544
003,2026-03-13T00:15:03.855204,1.3386934673366835,41.60829769363954
003,2026-03-13T00:15:03.855204,1.3532663316582916,42.06272136646476
003,2026-03-13T00:15:03.855204,1.3678391959798997,42.51716084469081
003,2026-03-13T00:15:03.855204,1.3824120603015075,42.97161595938087
003,2026-03-13T00:15:03.855204,1.3969849246231156,43.42608654516516
003,2026-03-13T00:15:03.855204,1.4115577889447237,43.8805724401318
003,2026-03-13T00:15:03.855204,1.4261306532663318,44.33507348571584
003,2026-03-13T00:15:03.855204,1.4407035175879397,44.78958952659377
003,2026-03-13T00:15:03.855204,1.4552763819095478,45.24412041060168
003,2026-03-13T00:15:03.855204,1.4698492462311559,45.698665988615176
003,2026-03-13T00:15:03.855204,1.484422110552764,46.153226114482095
003,2026-03-13T00:15:03.855204,1.498994974874372,46.60780064491337
003,2026-03-13T00:15:03.855204,1.51356783919598,47.06238943942299
003,2026-03-13T00:15:03.855204,1.528140703517588,47.51699236022978
003,2026-03-13T00:15:03.855204,1.542713567839196,47.971609272179194
003,2026-03-13T00:15:03.855204,1.5572864321608042,48.42624004268146
003,2026-03-13T00:15:03.855204,1.571859296482412,48.880884541624255
003,2026-03-13T00:15:03.855204,1.5864321608040202,49.335542641327265
003,2026-03-13T00:15:03.855204,1.6010050251256283,49.79021421644029
003,2026-03-13T00:15:03.855204,1.6155778894472363,50.24489914391597
003,2026-03-13T00:15:03.855204,1.6301507537688442,50.699597302922484
003,2026-03-13T00:15:03.855204,1.6447236180904523,51.15430857478532
003,2026-03-13T00:15:03.855204,1.6592964824120604,51.60903284295273
003,2026-03-13T00:15:03.855204,1.6738693467336685,52.06376999290842
003,2026-03-13T00:15:03.855204,1.6884422110552764,52.51851991214244
003,2026-03-13T00:15:03.855204,1.7030150753768845,52.973282490082056
003,2026-03-13T00:15:03.855204,1.7175879396984925,53.42805761806267
003,2026-03-13T00:15:03.855204,1.7321608040201006,53.8828451892532
003,2026-03-13T00:15:03.855204,1.7467336683417087,54.337645098630674
003,2026-03-13T00:15:03.855204,1.7613065326633166,54.79245724292741
003,2026-03-13T00:15:03.855204,1.7758793969849247,55.247281520580145
003,2026-03-13T00:15:03.855204,1.7904522613065328,55.702117831708165
003,2026-03-13T00:15:03.855204,1.8050251256281409,56.156966078044206
003,2026-03-13T00:15:03.855204,1.8195979899497488,56.611826162923535
003,2026-03-13T00:15:03.855204,1.8341708542713568,57.06669799122756
003,2026-03-13T00:15:03.855204,1.848743718592965,57.52158146934744
003,2026-03-13T00:15:03.855204,1.863316582914573,57.97647650515137
003,2026-03-13T00:15:03.855204,1.877889447236181,58.43138300796636
003,2026-03-13T00:15:03.855204,1.892462311557789,58.88630088851278
003,2026-03-13T00:15:03.855204,1.907035175879397,59.34123005888978
003,2026-03-13T00:15:03.855204,1.9216080402010052,59.79617043254984
003,2026-03-13T00:15:03.855204,1.936180904522613,60.25112192426241
003,2026-03-13T00:15:03.855204,1.9507537688442211,60.70608445006292
003,2026-03-13T00:15:03.855204,1.9653266331658292,61.16105792726739
003,2026-03-13T00:15:03.855204,1.9798994974874373,61.61604227440694
003,2026-03-13T00:15:03.855204,1.9944723618090454,62.07103741121318
003,2026-03-13T00:15:03.855204,2.0090452261306533,62.526043258592836
003,2026-03-13T00:15:03.855204,2.023618090452261,62.98105973861311
003,2026-03-13T00:15:03.855204,2.0381909547738695,63.436086774450814
003,2026-03-13T00:15:03.855204,2.0527638190954773,63.89112429039233
003,2026-03-13T00:15:03.855204,2.067336683417085,64.34617221180088
003,2026-03-13T00:15:03.855204,2.0819095477386935,64.80123046508015
003,2026-03-13T00:15:03.855204,2.0964824120603014,65.25629897768522
003,2026-03-13T00:15:03.855204,2.1110552763819097,65.71137767807159
003,2026-03-13T00:15:03.855204,2.1256281407035176,66.16646649568065
003,2026-03-13T00:15:03.855204,2.140201005025126,66.62156536093244
003,2026-03-13T00:15:03.855204,2.1547738693467338,67.07667420518192
003,2026-03-13T00:15:03.855204,2.1693467336683416,67.53179296073722
003,2026-03-13T00:15:03.855204,2.18391959798995,67.9869215607905
003,2026-03-13T00:15:03.855204,2.198492462311558,68.44205993944706
003,2026-03-13T00:15:03.855204,2.213065326633166,68.89720803167438
003,2026-03-13T00:15:03.855204,2.227638190954774,69.35236577331307
003,2026-03-13T00:15:03.855204,2.242211055276382,69.80753310101863
003,2026-03-13T00:15:03.855204,2.25678391959799,70.26270995229788
003,2026-03-13T00:15:03.855204,2.271356783919598,70.71789626545433
003,2026-03-13T00:15:03.855204,2.285929648241206,71.17309197958821
003,2026-03-13T00:15:03.855204,2.3005025125628142,71.628297034571
003,2026-03-13T00:15:03.855204,2.315075376884422,72.08351137103818
003,2026-03-13T00:15:03.855204,2.3296482412060304,72.5387349303819
003,2026-03-13T00:15:03.855204,2.3442211055276383,72.99396765472557
003,2026-03-13T00:15:03.855204,2.358793969849246,73.4492094869056
003,2026-03-13T00:15:03.855204,2.3733668341708545,73.90446037047514
003,2026-03-13T00:15:03.855204,2.3879396984924623,74.35972024967123
003,2026-03-13T00:15:03.855204,2.40251256281407,74.81498906942943
003,2026-03-13T00:15:03.855204,2.4170854271356785,75.27026677534377
003,2026-03-13T00:15:03.855204,2.4316582914572864,75.72555331365584
003,2026-03-13T00:15:03.855204,2.4462311557788947,76.1808486312766
003,2026-03-13T00:15:03.855204,2.4608040201005026,76.63615267572459
003,2026-03-13T00:15:03.855204,2.4753768844221105,77.0914653951586
003,2026-03-13T00:15:03.855204,2.4899497487437188,77.5467867383486
003,2026-03-13T00:15:03.855204,2.5045226130653266,78.00211665465395
003,2026-03-13T00:15:03.855204,2.519095477386935,78.45745509403059
003,2026-03-13T00:15:03.855204,2.533668341708543,78.91280200701658
003,2026-03-13T00:15:03.855204,2.5482412060301507,79.36815734471747
003,2026-03-13T00:15:03.855204,2.562814070351759,79.82352105879545
003,2026-03-13T00:15:03.855204,2.577386934673367,80.27889310145838
003,2026-03-13T00:15:03.855204,2.5919597989949748,80.7342734254853
003,2026-03-13T00:15:03.855204,2.606532663316583,81.18966198416092
003,2026-03-13T00:15:03.855204,2.621105527638191,81.64505873128292
003,2026-03-13T00:15:03.855204,2.6356783919597992,82.10046362119101
003,2026-03-13T00:15:03.855204,2.650251256281407,82.55587660871242
003,2026-03-13T00:15:03.855204,2.664824120603015,83.01129764918005
003,2026-03-13T00:15:03.855204,2.6793969849246233,83.46672669841428
003,2026-03-13T00:15:03.855204,2.693969849246231,83.92216371272298
003,2026-03-13T00:15:03.855204,2.7085427135678395,84.37760864887241
003,2026-03-13T00:15:03.855204,2.7231155778894474,84.83306146409814
003,2026-03-13T00:15:03.855204,2.7376884422110552,85.28852211610865
003,2026-03-13T00:15:03.855204,2.7522613065326635,85.74399056305992
003,2026-03-13T00:15:03.855204,2.7668341708542714,86.1994667635372
003,2026-03-13T00:15:03.855204,2.7814070351758793,86.6549506765623
003,2026-03-13T00:15:03.855204,2.7959798994974876,87.11044226161539
003,2026-03-13T00:15:03.855204,2.8105527638190955,87.56594147856595
003,2026-03-13T00:15:03.855204,2.825125628140704,88.02144828772725
003,2026-03-13T00:15:03.855204,2.8396984924623117,88.47696264979459
003,2026-03-13T00:15:03.855204,2.8542713567839195,88.93248452590342
003,2026-03-13T00:15:03.855204,2.868844221105528,89.38801387755302
003,2026-03-13T00:15:03.855204,2.8834170854271357,89.84355066664648
003,2026-03-13T00:15:03.855204,2.897989949748744,90.29909485547614
003,2026-03-13T00:15:03.855204,2.912562814070352,90.75464640671635
003,2026-03-13T00:15:03.855204,2.9271356783919598,91.21020528340887
003,2026-03-13T00:15:03.855204,2.941708542713568,91.66577144896291
003,2026-03-13T00:15:03.855204,2.956281407035176,92.12134486716604
003,2026-03-13T00:15:03.855204,2.970854271356784,92.57692550213687
003,2026-03-13T00:15:03.855204,2.985427135678392,93.03251331836509
003,2026-03-13T00:15:03.855204,3.0,93.48810828068963
004,2026-03-13T00:15:03.858264,0.1,0.0
004,2026-03-13T00:15:03.858264,0.11457286432160804,0.0
004,2026-03-13T00:15:03.858264,0.12914572864321608,0.0
004,2026-03-13T00:15:03.858264,0.14371859296482414,0.0
004,2026-03-13T00:15:03.858264,0.15829145728643218,0.0
004,2026-03-13T00:15:03.858264,0.17286432160804022,0.0
004,2026-03-13T00:15:03.858264,0.18743718592964825,0.0
004,2026-03-13T00:15:03.858264,0.2020100502512563,0.0
004,2026-03-13T00:15:03.858264,0.21658291457286433,0.0
004,2026-03-13T00:15:03.858264,0.23115577889447236,0.0
004,2026-03-13T00:15:03.858264,0.2457286432160804,0.0
004,2026-03-13T00:15:03.858264,0.26030150753768844,0.0
004,2026-03-13T00:15:03.858264,0.27487437185929653,0.0
004,2026-03-13T00:15:03.858264,0.2894472361809045,0.0
004,2026-03-13T00:15:03.858264,0.3040201005025126,0.0
004,2026-03-13T00:15:03.858264,0.3185929648241206,0.0
004,2026-03-13T00:15:03.858264,0.3331658291457287,0.0
004,2026-03-13T00:15:03.858264,0.34773869346733666,0.0
004,2026-03-13T00:15:03.858264,0.36231155778894475,0.0
004,2026-03-13T00:15:03.858264,0.37688442211055273,0.0
004,2026-03-13T00:15:03.858264,0.3914572864321608,0.0
004,2026-03-13T00:15:03.858264,0.4060301507537688,0.0
004,2026-03-13T00:15:03.858264,0.4206030150753769,0.0
004,2026-03-13T00:15:03.858264,0.4351758793969849,0.0
004,2026-03-13T00:15:03.858264,0.44974874371859297,0.0
004,2026-03-13T00:15:03.858264,0.46432160804020106,0.0
004,2026-03-13T00:15:03.858264,0.47889447236180904,0.0
004,2026-03-13T00:15:03.858264,0.49346733668341713,0.0
004,2026-03-13T00:15:03.858264,0.5080402010050251,0.0
004,2026-03-13T00:15:03.858264,0.5226130653266332,0.0
004,2026-03-13T00:15:03.858264,0.5371859296482412,0.0
004,2026-03-13T00:15:03.858264,0.5517587939698493,0.0
004,2026-03-13T00:15:03.858264,0.5663316582914573,0.0
004,2026-03-13T00:15:03.858264,0.5809045226130654,0.0
004,2026-03-13T00:15:03.858264,0.5954773869346733,0.0
004,2026-03-13T00:15:03.858264,0.6100502512562814,0.0
004,2026-03-13T00:15:03.858264,0.6246231155778894,0.0
004,2026-03-13T00:15:03.858264,0.6391959798994975,0.0
004,2026-03-13T00:15:03.858264,0.6537688442211055,0.0
004,2026-03-13T00:15:03.858264,0.6683417085427136,0.0
004,2026-03-13T00:15:03.858264,0.6829145728643216,0.0
004,2026-03-13T00:15:03.858264,0.6974874371859296,0.0
004,2026-03-13T00:15:03.858264,0.7120603015075376,0.0
004,2026-03-13T00:15:03.858264,0.7266331658291457,0.0
004,2026-03-13T00:15:03.858264,0.7412060301507537,0.0
004,2026-03-13T00:15:03.858264,0.7557788944723618,0.0
004,2026-03-13T00:15:03.858264,0.7703517587939698,0.0
004,2026-03-13T00:15:03.858264,0.7849246231155779,0.0
004,2026-03-13T00:15:03.858264,0.799497487437186,0.0
004,2026-03-13T00:15:03.858264,0.8140703517587939,0.0
004,2026-03-13T00:15:03.858264,0.828643216080402,0.0
004,2026-03-13T00:15:03.858264,0.84321608040201,0.0
004,2026-03-13T00:15:03.858264,0.8577889447236181,0.0
004,2026-03-13T00:15:03.858264,0.8723618090452261,0.0
004,2026-03-13T00:15:03.858264,0.8869346733668342,0.0
004,2026-03-13T00:15:03.858264,0.9015075376884422,0.0
004,2026-03-13T00:15:03.858264,0.9160804020100503,0.0
004,2026-03-13T00:15:03.858264,0.9306532663316582,0.0
004,2026-03-13T00:15:03.858264,0.9452261306532663,0.0
004,2026-03-13T00:15:03.858264,0.9597989949748743,0.0
004,2026-03-13T00:15:03.858264,0.9743718592964824,0.0
004,2026-03-13T00:15:03.858264,0.9889447236180904,0.0
004,2026-03-13T00:15:03.858264,1.0035175879396985,0.0
004,2026-03-13T00:15:03.858264,1.0180904522613066,0.0
004,2026-03-13T00:15:03.858264,1.0326633165829147,0.0
004,2026-03-13T00:15:03.858264,1.0472361809045228,0.0
004,2026-03-13T00:15:03.858264,1.0618090452261306,0.0
004,2026-03-13T00:15:03.858264,1.0763819095477387,0.0
004,2026-03-13T00:15:03.858264,1.0909547738693468,0.0
004,2026-03-13T00:15:03.858264,1.105527638190955,0.0
004,2026-03-13T00:15:03.858264,1.120100502512563,0.0
004,2026-03-13T00:15:03.858264,1.1346733668341709,0.0
004,2026-03-13T00:15:03.858264,1.149246231155779,0.0
004,2026-03-13T00:15:03.858264,1.163819095477387,0.0
004,2026-03-13T00:15:03.858264,1.1783919597989951,0.0
004,2026-03-13T00:15:03.858264,1.192964824120603,0.0
004,2026-03-13T00:15:03.858264,1.207537688442211,0.0
004,2026-03-13T00:15:03.858264,1.2221105527638192,0.0
004,2026-03-13T00:15:03.858264,1.2366834170854273,0.0
004,2026-03-13T00:15:03.858264,1.2512562814070352,0.0
004,2026-03-13T00:15:03.858264,1.2658291457286432,0.0
004,2026-03-13T00:15:03.858264,1.2804020100502513,0.0
004,2026-03-13T00:15:03.858264,1.2949748743718594,0.0
004,2026-03-13T00:15:03.858264,1.3095477386934675,0.0
004,2026-03-13T00:15:03.858264,1.3241206030150754,0.0
004,2026-03-13T00:15:03.858264,1.3386934673366835,0.0
004,2026-03-13T00:15:03.858264,1.3532663316582916,0.0
004,2026-03-13T00:15:03.858264,1.3678391959798997,0.0
004,2026-03-13T00:15:03.858264,1.3824120603015075,0.0
004,2026-03-13T00:15:03.858264,1.3969849246231156,0.0
004,2026-03-13T00:15:03.858264,1.4115577889447237,0.0
004,2026-03-13T00:15:03.858264,1.4261306532663318,0.0
004,2026-03-13T00:15:03.858264,1.4407035175879397,0.0
004,2026-03-13T00:15:03.858264,1.4552763819095478,0.0
004,2026-03-13T00:15:03.858264,1.4698492462311559,0.0
004,2026-03-13T00:15:03.858264,1.484422110552764,0.0
004,2026-03-13T00:15:03.858264,1.498994974874372,0.0
004,2026-03-13T00:15:03.858264,1.51356783919598,0.0
004,2026-03-13T00:15:03.858264,1.528140703517588,0.0
004,2026-03-13T00:15:03.858264,1.542713567839196,0.0
004,2026-03-13T00:15:03.858264,1.5572864321608042,0.0
004,2026-03-13T00:15:03.858264,1.571859296482412,0.0
004,2026-03-13T00:15:03.858264,1.5864321608040202,0.0
004,2026-03-13T00:15:03.858264,1.6010050251256283,0.0
004,2026-03-13T00:15:03.858264,1.6155778894472363,0.0
004,2026-03-13T00:15:03.858264,1.6301507537688442,0.0
004,2026-03-13T00:15:03.858264,1.6447236180904523,0.0
004,2026-03-13T00:15:03.858264,1.6592964824120604,0.0
004,2026-03-13T00:15:03.858264,1.6738693467336685,0.0
004,2026-03-13T00:15:03.858264,1.6884422110552764,0.0
004,2026-03-13T00:15:03.858264,1.7030150753768845,0.0
004,2026-03-13T00:15:03.858264,1.7175879396984925,0.0
004,2026-03-13T00:15:03.858264,1.7321608040201006,0.0
004,2026-03-13T00:15:03.858264,1.7467336683417087,0.0
004,2026-03-13T00:15:03.858264,1.7613065326633166,0.0
004,2026-03-13T00:15:03.858264,1.7758793969849247,0.0
004,2026-03-13T00:15:03.858264,1.7904522613065328,0.0
004,2026-03-13T00:15:03.858264,1.8050251256281409,0.0
004,2026-03-13T00:15:03.858264,1.8195979899497488,0.0
004,2026-03-13T00:15:03.858264,1.8341708542713568,0.0
004,2026-03-13T00:15:03.858264,1.848743718592965,0.0
004,2026-03-13T00:15:03.858264,1.863316582914573,0.0
004,2026-03-13T00:15:03.858264,1.877889447236181,0.0
004,2026-03-13T00:15:03.858264,1.892462311557789,0.0
004,2026-03-13T00:15:03.858264,1.907035175879397,0.0
004,2026-03-13T00:15:03.858264,1.9216080402010052,0.0
004,2026-03-13T00:15:03.858264,1.936180904522613,0.0
004,2026-03-13T00:15:03.858264,1.9507537688442211,0.0
004,2026-03-13T00:15:03.858264,1.9653266331658292,0.0
004,2026-03-13T00:15:03.858264,1.9798994974874373,0.0
004,2026-03-13T00:15:03.858264,1.9944723618090454,0.0
004,2026-03-13T00:15:03.858264,2.0090452261306533,0.0
004,2026-03-13T00:15:03.858264,2.023618090452261,0.0
004,2026-03-13T00:15:03.858264,2.0381909547738695,0.0
004,2026-03-13T00:15:03.858264,2.0527638190954773,0.0
004,2026-03-13T00:15:03.858264,2.067336683417085,0.0
004,2026-03-13T00:15:03.858264,2.0819095477386935,0.0
004,2026-03-13T00:15:03.858264,2.0964824120603014,0.0
004,2026-03-13T00:15:03.858264,2.1110552763819097,0.0
004,2026-03-13T00:15:03.858264,2.1256281407035176,0.0
004,2026-03-13T00:15:03.858264,2.140201005025126,0.0
004,2026-03-13T00:15:03.858264,2.1547738693467338,0.0
004,2026-03-13T00:15:03.858264,2.1693467336683416,0.0
004,2026-03-13T00:15:03.858264,2.18391959798995,0.0
004,2026-03-13T00:15:03.858264,2.198492462311558,0.0
004,2026-03-13T00:15:03.858264,2.213065326633166,0.0
004,2026-03-13T00:15:03.858264,2.227638190954774,0.0
004,2026-03-13T00:15:03.858264,2.242211055276382,0.0
004,2026-03-13T00:15:03.858264,2.25678391959799,0.0
004,2026-03-13T00:15:03.858264,2.271356783919598,0.0
004,2026-03-13T00:15:03.858264,2.285929648241206,0.0
004,2026-03-13T00:15:03.858264,2.3005025125628142,0.0
004,2026-03-13T00:15:03.858264,2.315075376884422,0.0
004,2026-03-13T00:15:03.858264,2.3296482412060304,0.0
004,2026-03-13T00:15:03.858264,2.3442211055276383,0.0
004,2026-03-13T00:15:03.858264,2.358793969849246,0.0
004,2026-03-13T00:15:03.858264,2.3733668341708545,0.0
004,2026-03-13T00:15:03.858264,2.3879396984924623,0.0
004,2026-03-13T00:15:03.858264,2.40251256281407,0.0
004,2026-03-13T00:15:03.858264,2.4170854271356785,0.0
004,2026-03-13T00:15:03.858264,2.4316582914572864,0.0
004,2026-03-13T00:15:03.858264,2.4462311557788947,0.0
004,2026-03-13T00:15:03.858264,2.4608040201005026,0.0
004,2026-03-13T00:15:03.858264,2.4753768844221105,0.0
004,2026-03-13T00:15:03.858264,2.4899497487437188,0.0
004,2026-03-13T00:15:03.858264,2.5045226130653266,0.0
004,2026-03-13T00:15:03.858264,2.519095477386935,0.0
004,2026-03-13T00:15:03.858264,2.533668341708543,0.0
004,2026-03-13T00:15:03.858264,2.5482412060301507,0.0
004,2026-03-13T00:15:03.858264,2.562814070351759,0.0
004,2026-03-13T00:15:03.858264,2.577386934673367,0.0
004,2026-03-13T00:15:03.858264,2.5919597989949748,0.0
004,2026-03-13T00:15:03.858264,2.606532663316583,0.0
004,2026-03-13T00:15:03.858264,2.621105527638191,0.0
004,2026-03-13T00:15:03.858264,2.6356783919597992,0.0
004,2026-03-13T00:15:03.858264,2.650251256281407,0.0
004,2026-03-13T00:15:03.858264,2.664824120603015,0.0
004,2026-03-13T00:15:03.858264,2.6793969849246233,0.0
004,2026-03-13T00:15:03.858264,2.693969849246231,0.0
004,2026-03-13T00:15:03.858264,2.7085427135678395,0.0
004,2026-03-13T00:15:03.858264,2.7231155778894474,0.0
004,2026-03-13T00:15:03.858264,2.7376884422110552,0.0
004,2026-03-13T00:15:03.858264,2.7522613065326635,0.0
004,2026-03-13T00:15:03.858264,2.7668341708542714,0.0
004,2026-03-13T00:15:03.858264,2.7814070351758793,0.0
004,2026-03-13T00:15:03.858264,2.7959798994974876,0.0
004,2026-03-13T00:15:03.858264,2.8105527638190955,0.0
004,2026-03-13T00:15:03.858264,2.825125628140704,0.0
004,2026-03-13T00:15:03.858264,2.8396984924623117,0.0
004,2026-03-13T00:15:03.858264,2.8542713567839195,0.0
004,2026-03-13T00:15:03.858264,2.868844221105528,0.0
004,2026-03-13T00:15:03.858264,2.8834170854271357,0.0
004,2026-03-13T00:15:03.858264,2.897989949748744,0.0
004,2026-03-13T00:15:03.858264,2.912562814070352,0.0
004,2026-03-13T00:15:03.858264,2.9271356783919598,0.0
004,2026-03-13T00:15:03.858264,2.941708542713568,0.0
004,2026-03-13T00:15:03.858264,2.956281407035176,0.0
004,2026-03-13T00:15:03.858264,2.970854271356784,0.0
004,2026-03-13T00:15:03.858264,2.985427135678392,0.0
004,2026-03-13T00:15:03.858264,3.0,0.0
005,2026-03-13T00:15:03.861285,0.1,0.0
005,2026-03-13T00:15:03.861285,0.11457286432160804,0.0
005,2026-03-13T00:15:03.861285,0.12914572864321608,0.0
005,2026-03-13T00:15:03.861285,0.14371859296482414,0.0
005,2026-03-13T00:15:03.861285,0.15829145728643218,0.0
005,2026-03-13T00:15:03.861285,0.17286432160804022,0.0
005,2026-03-13T00:15:03.861285,0.18743718592964825,0.0
005,2026-03-13T00:15:03.861285,0.2020100502512563,0.0
005,2026-03-13T00:15:03.861285,0.21658291457286433,0.0
005,2026-03-13T00:15:03.861285,0.23115577889447236,0.0
005,2026-03-13T00:15:03.861285,0.2457286432160804,0.0
005,2026-03-13T00:15:03.861285,0.26030150753768844,0.0
005,2026-03-13T00:15:03.861285,0.27487437185929653,0.0
005,2026-03-13T00:15:03.861285,0.2894472361809045,0.0
005,2026-03-13T00:15:03.861285,0.3040201005025126,0.0
005,2026-03-13T00:15:03.861285,0.3185929648241206,0.0
005,2026-03-13T00:15:03.861285,0.3331658291457287,0.0
005,2026-03-13T00:15:03.861285,0.34773869346733666,0.0
005,2026-03-13T00:15:03.861285,0.36231155778894475,0.0
005,2026-03-13T00:15:03.861285,0.37688442211055273,0.0
005,2026-03-13T00:15:03.861285,0.3914572864321608,0.0
005,2026-03-13T00:15:03.861285,0.4060301507537688,0.0
005,2026-03-13T00:15:03.861285,0.4206030150753769,0.0
005,2026-03-13T00:15:03.861285,0.4351758793969849,0.0
005,2026-03-13T00:15:03.861285,0.44974874371859297,0.0
005,2026-03-13T00:15:03.861285,0.46432160804020106,0.0
005,2026-03-13T00:15:03.861285,0.47889447236180904,0.0
005,2026-03-13T00:15:03.861285,0.49346733668341713,0.0
005,2026-03-13T00:15:03.861285,0.5080402010050251,0.0
005,2026-03-13T00:15:03.861285,0.5226130653266332,0.0
005,2026-03-13T00:15:03.861285,0.5371859296482412,0.0
005,2026-03-13T00:15:03.861285,0.5517587939698493,0.0
005,2026-03-13T00:15:03.861285,0.5663316582914573,0.0
005,2026-03-13T00:15:03.861285,0.5809045226130654,0.0
005,2026-03-13T00:15:03.861285,0.5954773869346733,0.0
005,2026-03-13T00:15:03.861285,0.6100502512562814,0.0
005,2026-03-13T00:15:03.861285,0.6246231155778894,0.0
005,2026-03-13T00:15:03.861285,0.6391959798994975,0.0
005,2026-03-13T00:15:03.861285,0.6537688442211055,0.0
005,2026-03-13T00:15:03.861285,0.6683417085427136,0.0
005,2026-03-13T00:15:03.861285,0.6829145728643216,0.0
005,2026-03-13T00:15:03.861285,0.6974874371859296,0.0
005,2026-03-13T00:15:03.861285,0.7120603015075376,0.0
005,2026-03-13T00:15:03.861285,0.7266331658291457,0.0
005,2026-03-13T00:15:03.861285,0.7412060301507537,0.0
005,2026-03-13T00:15:03.861285,0.7557788944723618,0.0
005,2026-03-13T00:15:03.861285,0.7703517587939698,0.0
005,2026-03-13T00:15:03.861285,0.7849246231155779,0.0
005,2026-03-13T00:15:03.861285,0.799497487437186,0.0
005,2026-03-13T00:15:03.861285,0.8140703517587939,0.0
005,2026-03-13T00:15:03.861285,0.828643216080402,0.0
005,2026-03-13T00:15:03.861285,0.84321608040201,0.0
005,2026-03-13T00:15:03.861285,0.8577889447236181,0.0
005,2026-03-13T00:15:03.861285,0.8723618090452261,0.0
005,2026-03-13T00:15:03.861285,0.8869346733668342,0.0
005,2026-03-13T00:15:03.861285,0.9015075376884422,0.0
005,2026-03-13T00:15:03.861285,0.9160804020100503,0.0
005,2026-03-13T00:15:03.861285,0.9306532663316582,0.0
005,2026-03-13T00:15:03.861285,0.9452261306532663,0.0
005,2026-03-13T00:15:03.861285,0.9597989949748743,0.0
005,2026-03-13T00:15:03.861285,0.9743718592964824,0.0
005,2026-03-13T00:15:03.861285,0.9889447236180904,0.0
005,2026-03-13T00:15:03.861285,1.0035175879396985,0.0
005,2026-03-13T00:15:03.861285,1.0180904522613066,0.0
005,2026-03-13T00:15:03.861285,1.0326633165829147,0.0
005,2026-03-13T00:15:03.861285,1.0472361809045228,0.0
005,2026-03-13T00:15:03.861285,1.0618090452261306,0.0
005,2026-03-13T00:15:03.861285,1.0763819095477387,0.0
005,2026-03-13T00:15:03.861285,1.0909547738693468,0.0
005,2026-03-13T00:15:03.861285,1.105527638190955,0.0
005,2026-03-13T00:15:03.861285,1.120100502512563,0.0
005,2026-03-13T00:15:03.861285,1.1346733668341709,0.0
005,2026-03-13T00:15:03.861285,1.149246231155779,0.0
005,2026-03-13T00:15:03.861285,1.163819095477387,0.0
005,2026-03-13T00:15:03.861285,1.1783919597989951,0.0
005,2026-03-13T00:15:03.861285,1.192964824120603,0.0
005,2026-03-13T00:15:03.861285,1.207537688442211,0.0
005,2026-03-13T00:15:03.861285,1.2221105527638192,0.0
005,2026-03-13T00:15:03.861285,1.2366834170854273,0.0
005,2026-03-13T00:15:03.861285,1.2512562814070352,0.0
005,2026-03-13T00:15:03.861285,1.2658291457286432,0.0
005,2026-03-13T00:15:03.861285,1.2804020100502513,0.0
005,2026-03-13T00:15:03.861285,1.2949748743718594,0.0
005,2026-03-13T00:15:03.861285,1.3095477386934675,0.0
005,2026-03-13T00:15:03.861285,1.3241206030150754,0.0
005,2026-03-13T00:15:03.861285,1.3386934673366835,0.0
005,2026-03-13T00:15:03.861285,1.3532663316582916,0.0
005,2026-03-13T00:15:03.861285,1.3678391959798997,0.0
005,2026-03-13T00:15:03.861285,1.3824120603015075,0.0
005,2026-03-13T00:15:03.861285,1.3969849246231156,0.0
005,2026-03-13T00:15:03.861285,1.4115577889447237,0.0
005,2026-03-13T00:15:03.861285,1.4261306532663318,0.0
005,2026-03-13T00:15:03.861285,1.4407035175879397,0.0
005,2026-03-13T00:15:03.861285,1.4552763819095478,0.0
005,2026-03-13T00:15:03.861285,1.4698492462311559,0.0
005,2026-03-13T00:15:03.861285,1.484422110552764,0.0
005,2026-03-13T00:15:03.861285,1.498994974874372,0.0
005,2026-03-13T00:15:03.861285,1.51356783919598,0.0
005,2026-03-13T00:15:03.861285,1.528140703517588,0.0
005,2026-03-13T00:15:03.861285,1.542713567839196,0.0
005,2026-03-13T00:15:03.861285,1.5572864321608042,0.0
005,2026-03-13T00:15:03.861285,1.571859296482412,0.0
005,2026-03-13T00:15:03.861285,1.5864321608040202,0.0
005,2026-03-13T00:15:03.861285,1.6010050251256283,0.0
005,2026-03-13T00:15:03.861285,1.6155778894472363,0.0
005,2026-03-13T00:15:03.861285,1.6301507537688442,0.0
005,2026-03-13T00:15:03.861285,1.6447236180904523,0.0
005,2026-03-13T00:15:03.861285,1.6592964824120604,0.0
005,2026-03-13T00:15:03.861285,1.6738693467336685,0.0
005,2026-03-13T00:15:03.861285,1.6884422110552764,0.0
005,2026-03-13T00:15:03.861285,1.7030150753768845,0.0
005,2026-03-13T00:15:03.861285,1.7175879396984925,0.0
005,2026-03-13T00:15:03.861285,1.7321608040201006,0.0
005,2026-03-13T00:15:03.861285,1.7467336683417087,0.0
005,2026-03-13T00:15:03.861285,1.7613065326633166,0.0
005,2026-03-13T00:15:03.861285,1.7758793969849247,0.0
005,2026-03-13T00:15:03.861285,1.7904522613065328,0.0
005,2026-03-13T00:15:03.861285,1.8050251256281409,0.0
005,2026-03-13T00:15:03.861285,1.8195979899497488,0.0
005,2026-03-13T00:15:03.861285,1.8341708542713568,0.0
005,2026-03-13T00:15:03.861285,1.848743718592965,0.0
005,2026-03-13T00:15:03.861285,1.863316582914573,0.0
005,2026-03-13T00:15:03.861285,1.877889447236181,0.0
005,2026-03-13T00:15:03.861285,1.892462311557789,0.0
005,2026-03-13T00:15:03.861285,1.907035175879397,0.0
005,2026-03-13T00:15:03.861285,1.9216080402010052,0.0
005,2026-03-13T00:15:03.861285,1.936180904522613,0.0
005,2026-03-13T00:15:03.861285,1.9507537688442211,0.0
005,2026-03-13T00:15:03.861285,1.9653266331658292,0.0
005,2026-03-13T00:15:03.861285,1.9798994974874373,0.0
005,2026-03-13T00:15:03.861285,1.9944723618090454,0.0
005,2026-03-13T00:15:03.861285,2.0090452261306533,0.0
005,2026-03-13T00:15:03.861285,2.023618090452261,0.0
005,2026-03-13T00:15:03.861285,2.0381909547738695,0.0
005,2026-03-13T00:15:03.861285,2.0527638190954773,0.0
005,2026-03-13T00:15:03.861285,2.067336683417085,0.0
005,2026-03-13T00:15:03.861285,2.0819095477386935,0.0
005,2026-03-13T00:15:03.861285,2.0964824120603014,0.0
005,2026-03-13T00:15:03.861285,2.1110552763819097,0.0
005,2026-03-13T00:15:03.861285,2.1256281407035176,0.0
005,2026-03-13T00:15:03.861285,2.140201005025126,0.0
005,2026-03-13T00:15:03.861285,2.1547738693467338,0.0
005,2026-03-13T00:15:03.861285,2.1693467336683416,0.0
005,2026-03-13T00:15:03.861285,2.18391959798995,0.0
005,2026-03-13T00:15:03.861285,2.198492462311558,0.0
005,2026-03-13T00:15:03.861285,2.213065326633166,0.0
005,2026-03-13T00:15:03.861285,2.227638190954774,0.0
005,2026-03-13T00:15:03.861285,2.242211055276382,0.0
005,2026-03-13T00:15:03.861285,2.25678391959799,0.0
005,2026-03-13T00:15:03.861285,2.271356783919598,0.0
005,2026-03-13T00:15:03.861285,2.285929648241206,0.0
005,2026-03-13T00:15:03.861285,2.3005025125628142,0.0
005,2026-03-13T00:15:03.861285,2.315075376884422,0.0
005,2026-03-13T00:15:03.861285,2.3296482412060304,0.0
005,2026-03-13T00:15:03.861285,2.3442211055276383,0.0
005,2026-03-13T00:15:03.861285,2.358793969849246,0.0
005,2026-03-13T00:15:03.861285,2.3733668341708545,0.0
005,2026-03-13T00:15:03.861285,2.3879396984924623,0.0
005,2026-03-13T00:15:03.861285,2.40251256281407,0.0
005,2026-03-13T00:15:03.861285,2.4170854271356785,0.0
005,2026-03-13T00:15:03.861285,2.4316582914572864,0.0
005,2026-03-13T00:15:03.861285,2.4462311557788947,0.0
005,2026-03-13T00:15:03.861285,2.4608040201005026,0.0
005,2026-03-13T00:15:03.861285,2.4753768844221105,0.0
005,2026-03-13T00:15:03.861285,2.4899497487437188,0.0
005,2026-03-13T00:15:03.861285,2.5045226130653266,0.0
005,2026-03-13T00:15:03.861285,2.519095477386935,0.0
005,2026-03-13T00:15:03.861285,2.533668341708543,0.0
005,2026-03-13T00:15:03.861285,2.5482412060301507,0.0
005,2026-03-13T00:15:03.861285,2.562814070351759,0.0
005,2026-03-13T00:15:03.861285,2.577386934673367,0.0
005,2026-03-13T00:15:03.861285,2.5919597989949748,0.0
005,2026-03-13T00:15:03.861285,2.606532663316583,0.0
005,2026-03-13T00:15:03.861285,2.621105527638191,0.0
005,2026-03-13T00:15:03.861285,2.6356783919597992,0.0
005,2026-03-13T00:15:03.861285,2.650251256281407,0.0
005,2026-03-13T00:15:03.861285,2.664824120603015,0.0
005,2026-03-13T00:15:03.861285,2.6793969849246233,0.0
005,2026-03-13T00:15:03.861285,2.693969849246231,0.0
005,2026-03-13T00:15:03.861285,2.7085427135678395,0.0
005,2026-03-13T00:15:03.861285,2.7231155778894474,0.0
005,2026-03-13T00:15:03.861285,2.7376884422110552,0.0
005,2026-03-13T00:15:03.861285,2.7522613065326635,0.0
005,2026-03-13T00:15:03.861285,2.7668341708542714,0.0
005,2026-03-13T00:15:03.861285,2.7814070351758793,0.0
005,2026-03-13T00:15:03.861285,2.7959798994974876,0.0
005,2026-03-13T00:15:03.861285,2.8105527638190955,0.0
005,2026-03-13T00:15:03.861285,2.825125628140704,0.0
005,2026-03-13T00:15:03.861285,2.8396984924623117,0.0
005,2026-03-13T00:15:03.861285,2.8542713567839195,0.0
005,2026-03-13T00:15:03.861285,2.868844221105528,0.0
005,2026-03-13T00:15:03.861285,2.8834170854271357,0.0
005,2026-03-13T00:15:03.861285,2.897989949748744,0.0
005,2026-03-13T00:15:03.861285,2.912562814070352,0.0
005,2026-03-13T00:15:03.861285,2.9271356783919598,0.0
005,2026-03-13T00:15:03.861285,2.941708542713568,0.0
005,2026-03-13T00:15:03.861285,2.956281407035176,0.0
005,2026-03-13T00:15:03.861285,2.970854271356784,0.0
005,2026-03-13T00:15:03.861285,2.985427135678392,0.0
005,2026-03-13T00:15:03.861285,3.0,0.0
006,2026-03-13T00:15:03.866245,0.1,42.8108282252208
006,2026-03-13T00:15:03.866245,0.11457286432160804,49.06718778755385
006,2026-03-13T00:15:03.866245,0.12914572864321608,55.32563963154689
006,2026-03-13T00:15:03.866245,0.14371859296482414,61.58594600154447
006,2026-03-13T00:15:03.866245,0.15829145728643218,67.84791769637468
006,2026-03-13T00:15:03.866245,0.17286432160804022,74.11140055872465
006,2026-03-13T00:15:03.866245,0.18743718592964825,80.37626655642725
006,2026-03-13T00:15:03.866245,0.2020100502512563,86.6424076559124
006,2026-03-13T00:15:03.866245,0.21658291457286433,92.90973147368913
006,2026-03-13T00:15:03.866245,0.23115577889447236,99.17815810403681
006,2026-03-13T00:15:03.866245,0.2457286432160804,105.4476177502329
006,2026-03-13T00:15:03.866245,0.26030150753768844,111.71804891989996
006,2026-03-13T00:15:03.866245,0.27487437185929653,117.9893970259327
006,2026-03-13T00:15:03.866245,0.2894472361809045,124.26161328508988
006,2026-03-13T00:15:03.866245,0.3040201005025126,130.53465383903222
006,2026-03-13T00:15:03.866245,0.3185929648241206,136.80847904436632
006,2026-03-13T00:15:03.866245,0.3331658291457287,143.08305289291366
006,2026-03-13T00:15:03.866245,0.34773869346733666,149.35834253364192
006,2026-03-13T00:15:03.866245,0.36231155778894475,155.6343178749221
006,2026-03-13T00:15:03.866245,0.37688442211055273,161.91095125089214
006,2026-03-13T00:15:03.866245,0.3914572864321608,168.18821713955185
006,2026-03-13T00:15:03.866245,0.4060301507537688,174.46609192289634
006,2026-03-13T00:15:03.866245,0.4206030150753769,-179.25544631845878
006,2026-03-13T00:15:03.866245,0.4351758793969849,-172.97641798211407
006,2026-03-13T00:15:03.866245,0.44974874371859297,-166.696842097037
006,2026-03-13T00:15:03.866245,0.46432160804020106,-160.41673645680567
006,2026-03-13T00:15:03.866245,0.47889447236180904,-154.13611773607772
006,2026-03-13T00:15:03.866245,0.49346733668341713,-147.85500159294133
006,2026-03-13T00:15:03.866245,0.5080402010050251,-141.57340275905517
006,2026-03-13T00:15:03.866245,0.5226130653266332,-135.2913351195184
006,2026-03-13T00:15:03.866245,0.5371859296482412,-129.0088117837713
006,2026-03-13T00:15:03.866245,0.5517587939698493,-122.72584514880873
006,2026-03-13T00:15:03.866245,0.5663316582914573,-116.44244695570706
006,2026-03-13T00:15:03.866245,0.5809045226130654,-110.15862834032305
006,2026-03-13T00:15:03.866245,0.5954773869346733,-103.87439987890684
006,2026-03-13T00:15:03.866245,0.6100502512562814,-97.58977162923293
006,2026-03-13T00:15:03.866245,0.6246231155778894,-91.30475316779302
006,2026-03-13T00:15:03.866245,0.6391959798994975,-85.0193536235438
006,2026-03-13T00:15:03.866245,0.6537688442211055,-78.73358170853498
006,2026-03-13T00:15:03.866245,0.6683417085427136,-72.44744574583638
006,2026-03-13T00:15:03.866245,0.6829145728643216,-66.16095369500181
006,2026-03-13T00:15:03.866245,0.6974874371859296,-59.874113175361344
006,2026-03-13T00:15:03.866245,0.7120603015075376,-53.58693148739803
006,2026-03-13T00:15:03.866245,0.7266331658291457,-47.29941563231114
006,2026-03-13T00:15:03.866245,0.7412060301507537,-41.01157233006779
006,2026-03-13T00:15:03.866245,0.7557788944723618,-34.72340803601219
006,2026-03-13T00:15:03.866245,0.7703517587939698,-28.434928956163276
006,2026-03-13T00:15:03.866245,0.7849246231155779,-22.14614106139925
006,2026-03-13T00:15:03.866245,0.799497487437186,-15.857050100579727
006,2026-03-13T00:15:03.866245,0.8140703517587939,-9.56766161266387
006,2026-03-13T00:15:03.866245,0.828643216080402,-3.277980938035398
006,2026-03-13T00:15:03.866245,0.84321608040201,3.0119867710400285
006,2026-03-13T00:15:03.866245,0.8577889447236181,9.302236540641388
006,2026-03-13T00:15:03.866245,0.8723618090452261,15.592763566070062
006,2026-03-13T00:15:03.866245,0.8869346733668342,21.883563203418817
006,2026-03-13T00:15:03.866245,0.9015075376884422,28.17463096157735
006,2026-03-13T00:15:03.866245,0.9160804020100503,34.46596249483264
006,2026-03-13T00:15:03.866245,0.9306532663316582,40.75755359593677
006,2026-03-13T00:15:03.866245,0.9452261306532663,47.04940018960406
006,2026-03-13T00:15:03.866245,0.9597989949748743,53.341498326361034
006,2026-03-13T00:15:03.866245,0.9743718592964824,59.63384417684574
006,2026-03-13T00:15:03.866245,0.9889447236180904,65.92643402639442
006,2026-03-13T00:15:03.866245,1.0035175879396985,72.21926426998107
006,2026-03-13T00:15:03.866245,1.0180904522613066,78.51233140742625
006,2026-03-13T00:15:03.866245,1.0326633165829147,84.8056320388896
006,2026-03-13T00:15:03.866245,1.0472361809045228,91.09916286062071
006,2026-03-13T00:15:03.866245,1.0618090452261306,97.39292066093549
006,2026-03-13T00:15:03.866245,1.0763819095477387,103.6869023164545
006,2026-03-13T00:15:03.866245,1.0909547738693468,109.9811047884541
006,2026-03-13T00:15:03.866245,1.105527638190955,116.27552511953763
006,2026-03-13T00:15:03.866245,1.120100502512563,122.57016043035037
006,2026-03-13T00:15:03.866245,1.1346733668341709,128.86500791659637
006,2026-03-13T00:15:03.866245,1.149246231155779,135.16006484606987
006,2026-03-13T00:15:03.866245,1.163819095477387,141.45532855599595
006,2026-03-13T00:15:03.866245,1.1783919597989951,147.75079645035294
006,2026-03-13T00:15:03.866245,1.192964824120603,154.0464659974059
006,2026-03-13T00:15:03.866245,1.207537688442211,160.34233472738197
006,2026-03-13T00:15:03.866245,1.2221105527638192,166.63840023016746
006,2026-03-13T00:15:03.866245,1.2366834170854273,172.9346601532343
006,2026-03-13T00:15:03.866245,1.2512562814070352,179.23111219956627
006,2026-03-13T00:15:03.866245,1.2658291457286432,-174.47224587428354
006,2026-03-13T00:15:03.866245,1.2804020100502513,-168.17541626002276
006,2026-03-13T00:15:03.866245,1.2949748743718594,-161.87840109942772
006,2026-03-13T00:15:03.866245,1.3095477386934675,-155.58120248597334
006,2026-03-13T00:15:03.866245,1.3241206030150754,-149.28382246649926
006,2026-03-13T00:15:03.866245,1.3386934673366835,-142.98626304273057
006,2026-03-13T00:15:03.866245,1.3532663316582916,-136.68852617274024
006,2026-03-13T00:15:03.866245,1.3678391959798997,-130.39061377237886
006,2026-03-13T00:15:03.866245,1.3824120603015075,-124.0925277166134
006,2026-03-13T00:15:03.866245,1.3969849246231156,-117.7942698408624
006,2026-03-13T00:15:03.866245,1.4115577889447237,-111.49584194213458
006,2026-03-13T00:15:03.866245,1.4261306532663318,-105.19724578033856
006,2026-03-13T00:15:03.866245,1.4407035175879397,-98.89848307937427
006,2026-03-13T00:15:03.866245,1.4552763819095478,-92.5995555281479
006,2026-03-13T00:15:03.866245,1.4698492462311559,-86.30046478179065
006,2026-03-13T00:15:03.866245,1.484422110552764,-80.00121246249182
006,2026-03-13T00:15:03.866245,1.498994974874372,-73.7018001605793
006,2026-03-13T00:15:03.866245,1.51356783919598,-67.40222943545086
006,2026-03-13T00:15:03.866245,1.528140703517588,-61.10250181637457
006,2026-03-13T00:15:03.866245,1.542713567839196,-54.80261880344551
006,2026-03-13T00:15:03.866245,1.5572864321608042,-48.5025818683971
006,2026-03-13T00:15:03.866245,1.571859296482412,-42.20239245532139
006,2026-03-13T00:15:03.866245,1.5864321608040202,-35.90205198156764
006,2026-03-13T00:15:03.866245,1.6010050251256283,-29.601561838375346
006,2026-03-13T00:15:03.866245,1.6155778894472363,-23.300923391623655
006,2026-03-13T00:15:03.866245,1.6301507537688442,-17.000137982518936
006,2026-03-13T00:15:03.866245,1.6447236180904523,-10.699206928278727
006,2026-03-13T00:15:03.866245,1.6592964824120604,-4.398131522706535
006,2026-03-13T00:15:03.866245,1.6738693467336685,1.903086963120586
006,2026-03-13T00:15:03.866245,1.6884422110552764,8.204447280284512
006,2026-03-13T00:15:03.866245,1.7030150753768845,14.50594820148035
006,2026-03-13T00:15:03.866245,1.7175879396984925,20.807588520401623
006,2026-03-13T00:15:03.866245,1.7321608040201006,27.109367051267327
006,2026-03-13T00:15:03.866245,1.7467336683417087,33.41128262826169
006,2026-03-13T00:15:03.866245,1.7613065326633166,39.713334105057584
006,2026-03-13T00:15:03.866245,1.7758793969849247,46.01552035430723
006,2026-03-13T00:15:03.866245,1.7904522613065328,52.31784026718742
006,2026-03-13T00:15:03.866245,1.8050251256281409,58.620292752981186
006,2026-03-13T00:15:03.866245,1.8195979899497488,64.92287673854298
006,2026-03-13T00:15:03.866245,1.8341708542713568,71.22559116802586
006,2026-03-13T00:15:03.866245,1.848743718592965,77.52843500230665
006,2026-03-13T00:15:03.866245,1.863316582914573,83.83140721870586
006,2026-03-13T00:15:03.866245,1.877889447236181,90.13450681056565
006,2026-03-13T00:15:03.866245,1.892462311557789,96.43773278682056
006,2026-03-13T00:15:03.866245,1.907035175879397,102.7410841717574
006,2026-03-13T00:15:03.866245,1.9216080402010052,109.04456000455684
006,2026-03-13T00:15:03.866245,1.936180904522613,115.34815933900245
006,2026-03-13T00:15:03.866245,1.9507537688442211,121.65188124310953
006,2026-03-13T00:15:03.866245,1.9653266331658292,127.95572479891416
006,2026-03-13T00:15:03.866245,1.9798994974874373,134.2596891019857
006,2026-03-13T00:15:03.866245,1.9944723618090454,140.56377326129586
006,2026-03-13T00:15:03.866245,2.0090452261306533,146.86797639880388
006,2026-03-13T00:15:03.866245,2.023618090452261,153.17229764929652
006,2026-03-13T00:15:03.866245,2.0381909547738695,159.47673615995154
006,2026-03-13T00:15:03.866245,2.0527638190954773,165.78129109021393
006,2026-03-13T00:15:03.866245,2.067336683417085,172.08596161146124
006,2026-03-13T00:15:03.866245,2.0819095477386935,178.39074690678535
006,2026-03-13T00:15:03.866245,2.0964824120603014,-175.3043538293132
006,2026-03-13T00:15:03.866245,2.1110552763819097,-168.99934139106335
006,2026-03-13T00:15:03.866245,2.1256281407035176,-162.6942165617802
006,2026-03-13T00:15:03.866245,2.140201005025126,-156.3889801139594
006,2026-03-13T00:15:03.866245,2.1547738693467338,-150.0836328095902
006,2026-03-13T00:15:03.866245,2.1693467336683416,-143.77817540034448
006,2026-03-13T00:15:03.866245,2.18391959798995,-137.47260862780968
006,2026-03-13T00:15:03.866245,2.198492462311558,-131.16693322361243
006,2026-03-13T00:15:03.866245,2.213065326633166,-124.86114990968053
006,2026-03-13T00:15:03.866245,2.227638190954774,-118.5552593984321
006,2026-03-13T00:15:03.866245,2.242211055276382,-112.24926239295746
006,2026-03-13T00:15:03.866245,2.25678391959799,-105.9431595871938
006,2026-03-13T00:15:03.866245,2.271356783919598,-99.63695166607795
006,2026-03-13T00:15:03.866245,2.285929648241206,-93.33063930579374
006,2026-03-13T00:15:03.866245,2.3005025125628142,-87.0242231738448
006,2026-03-13T00:15:03.866245,2.315075376884422,-80.71770392930193
006,2026-03-13T00:15:03.866245,2.3296482412060304,-74.41108222291223
006,2026-03-13T00:15:03.866245,2.3442211055276383,-68.10435869725916
006,2026-03-13T00:15:03.866245,2.358793969849246,-61.797533986922645
006,2026-03-13T00:15:03.866245,2.3733668341708545,-55.49060871871916
006,2026-03-13T00:15:03.866245,2.3879396984924623,-49.18358351160714
006,2026-03-13T00:15:03.866245,2.40251256281407,-42.876458977108996
006,2026-03-13T00:15:03.866245,2.4170854271356785,-36.56923571923835
006,2026-03-13T00:15:03.866245,2.4316582914572864,-30.261914334783796
006,2026-03-13T00:15:03.866245,2.4462311557788947,-23.95449541330163
006,2026-03-13T00:15:03.866245,2.4608040201005026,-17.646979537355946
006,2026-03-13T00:15:03.866245,2.4753768844221105,-11.339367282598687
006,2026-03-13T00:15:03.866245,2.4899497487437188,-5.0316592179297
006,2026-03-13T00:15:03.866245,2.5045226130653266,1.2761440945396316
006,2026-03-13T00:15:03.866245,2.519095477386935,7.584042099115322
006,2026-03-13T00:15:03.866245,2.533668341708543,13.892034246578987
006,2026-03-13T00:15:03.866245,2.5482412060301507,20.200119994093257
006,2026-03-13T00:15:03.866245,2.562814070351759,26.50829880497622
006,2026-03-13T00:15:03.866245,2.577386934673367,32.816570148657775
006,2026-03-13T00:15:03.866245,2.5919597989949748,39.12493350063596
006,2026-03-13T00:15:03.866245,2.606532663316583,45.43338834223687
006,2026-03-13T00:15:03.866245,2.621105527638191,51.74193416063645
006,2026-03-13T00:15:03.866245,2.6356783919597992,58.05057044872956
006,2026-03-13T00:15:03.866245,2.650251256281407,64.3592967050281
006,2026-03-13T00:15:03.866245,2.664824120603015,70.66811243348639
006,2026-03-13T00:15:03.866245,2.6793969849246233,76.97701714361028
006,2026-03-13T00:15:03.866245,2.693969849246231,83.28601035017346
006,2026-03-13T00:15:03.866245,2.7085427135678395,89.59509157320281
006,2026-03-13T00:15:03.866245,2.7231155778894474,95.9042603379421
006,2026-03-13T00:15:03.866245,2.7376884422110552,102.21351617470646
006,2026-03-13T00:15:03.866245,2.7522613065326635,108.522858618795
006,2026-03-13T00:15:03.866245,2.7668341708542714,114.83228721043997
006,2026-03-13T00:15:03.866245,2.7814070351758793,121.14180149476306
006,2026-03-13T00:15:03.866245,2.7959798994974876,127.45140102158621
006,2026-03-13T00:15:03.866245,2.8105527638190955,133.7610853455335
006,2026-03-13T00:15:03.866245,2.825125628140704,140.07085402572557
006,2026-03-13T00:15:03.866245,2.8396984924623117,146.3807066259542
006,2026-03-13T00:15:03.866245,2.8542713567839195,152.6906427144204
006,2026-03-13T00:15:03.866245,2.868844221105528,159.00066186375625
006,2026-03-13T00:15:03.866245,2.8834170854271357,165.3107636509376
006,2026-03-13T00:15:03.866245,2.897989949748744,171.62094765729853
006,2026-03-13T00:15:03.866245,2.912562814070352,177.93121346826229
006,2026-03-13T00:15:03.866245,2.9271356783919598,-175.75843932650605
006,2026-03-13T00:15:03.866245,2.941708542713568,-169.4480111332814
006,2026-03-13T00:15:03.866245,2.956281407035176,-163.13750235430052
006,2026-03-13T00:15:03.866245,2.970854271356784,-156.82691338785662
006,2026-03-13T00:15:03.866245,2.985427135678392,-150.5162446282484
006,2026-03-13T00:15:03.866245,3.0,-144.20549646606378
007,2026-03-13T00:15:03.872574,0.1,0.0
007,2026-03-13T00:15:03.872574,0.11457286432160804,0.0
007,2026-03-13T00:15:03.872574,0.12914572864321608,0.0
007,2026-03-13T00:15:03.872574,0.14371859296482414,0.0
007,2026-03-13T00:15:03.872574,0.15829145728643218,0.0
007,2026-03-13T00:15:03.872574,0.17286432160804022,0.0
007,2026-03-13T00:15:03.872574,0.18743718592964825,0.0
007,2026-03-13T00:15:03.872574,0.2020100502512563,0.0
007,2026-03-13T00:15:03.872574,0.21658291457286433,0.0
007,2026-03-13T00:15:03.872574,0.23115577889447236,0.0
007,2026-03-13T00:15:03.872574,0.2457286432160804,0.0
007,2026-03-13T00:15:03.872574,0.26030150753768844,0.0
007,2026-03-13T00:15:03.872574,0.27487437185929653,0.0
007,2026-03-13T00:15:03.872574,0.2894472361809045,0.0
007,2026-03-13T00:15:03.872574,0.3040201005025126,0.0
007,2026-03-13T00:15:03.872574,0.3185929648241206,0.0
007,2026-03-13T00:15:03.872574,0.3331658291457287,0.0
007,2026-03-13T00:15:03.872574,0.34773869346733666,0.0
007,2026-03-13T00:15:03.872574,0.36231155778894475,0.0
007,2026-03-13T00:15:03.872574,0.37688442211055273,0.0
007,2026-03-13T00:15:03.872574,0.3914572864321608,0.0
007,2026-03-13T00:15:03.872574,0.4060301507537688,0.0
007,2026-03-13T00:15:03.872574,0.4206030150753769,0.0
007,2026-03-13T00:15:03.872574,0.4351758793969849,0.0
007,2026-03-13T00:15:03.872574,0.44974874371859297,0.0
007,2026-03-13T00:15:03.872574,0.46432160804020106,0.0
007,2026-03-13T00:15:03.872574,0.47889447236180904,0.0
007,2026-03-13T00:15:03.872574,0.49346733668341713,0.0
007,2026-03-13T00:15:03.872574,0.5080402010050251,0.0
007,2026-03-13T00:15:03.872574,0.5226130653266332,0.0
007,2026-03-13T00:15:03.872574,0.5371859296482412,0.0
007,2026-03-13T00:15:03.872574,0.5517587939698493,0.0
007,2026-03-13T00:15:03.872574,0.5663316582914573,0.0
007,2026-03-13T00:15:03.872574,0.5809045226130654,0.0
007,2026-03-13T00:15:03.872574,0.5954773869346733,0.0
007,2026-03-13T00:15:03.872574,0.6100502512562814,0.0
007,2026-03-13T00:15:03.872574,0.6246231155778894,0.0
007,2026-03-13T00:15:03.872574,0.6391959798994975,0.0
007,2026-03-13T00:15:03.872574,0.6537688442211055,0.0
007,2026-03-13T00:15:03.872574,0.6683417085427136,0.0
007,2026-03-13T00:15:03.872574,0.6829145728643216,0.0
007,2026-03-13T00:15:03.872574,0.6974874371859296,0.0
007,2026-03-13T00:15:03.872574,0.7120603015075376,0.0
007,2026-03-13T00:15:03.872574,0.7266331658291457,0.0
007,2026-03-13T00:15:03.872574,0.7412060301507537,0.0
007,2026-03-13T00:15:03.872574,0.7557788944723618,0.0
007,2026-03-13T00:15:03.872574,0.7703517587939698,0.0
007,2026-03-13T00:15:03.872574,0.7849246231155779,0.0
007,2026-03-13T00:15:03.872574,0.799497487437186,0.0
007,2026-03-13T00:15:03.872574,0.8140703517587939,0.0
007,2026-03-13T00:15:03.872574,0.828643216080402,0.0
007,2026-03-13T00:15:03.872574,0.84321608040201,0.0
007,2026-03-13T00:15:03.872574,0.8577889447236181,0.0
007,2026-03-13T00:15:03.872574,0.8723618090452261,0.0
007,2026-03-13T00:15:03.872574,0.8869346733668342,0.0
007,2026-03-13T00:15:03.872574,0.9015075376884422,0.0
007,2026-03-13T00:15:03.872574,0.9160804020100503,0.0
007,2026-03-13T00:15:03.872574,0.9306532663316582,0.0
007,2026-03-13T00:15:03.872574,0.9452261306532663,0.0
007,2026-03-13T00:15:03.872574,0.9597989949748743,0.0
007,2026-03-13T00:15:03.872574,0.9743718592964824,0.0
007,2026-03-13T00:15:03.872574,0.9889447236180904,0.0
007,2026-03-13T00:15:03.872574,1.0035175879396985,0.0
007,2026-03-13T00:15:03.872574,1.0180904522613066,0.0
007,2026-03-13T00:15:03.872574,1.0326633165829147,0.0
007,2026-03-13T00:15:03.872574,1.0472361809045228,0.0
007,2026-03-13T00:15:03.872574,1.0618090452261306,0.0
007,2026-03-13T00:15:03.872574,1.0763819095477387,0.0
007,2026-03-13T00:15:03.872574,1.0909547738693468,0.0
007,2026-03-13T00:15:03.872574,1.105527638190955,0.0
007,2026-03-13T00:15:03.872574,1.120100502512563,0.0
007,2026-03-13T00:15:03.872574,1.1346733668341709,0.0
007,2026-03-13T00:15:03.872574,1.149246231155779,0.0
007,2026-03-13T00:15:03.872574,1.163819095477387,0.0
007,2026-03-13T00:15:03.872574,1.1783919597989951,0.0
007,2026-03-13T00:15:03.872574,1.192964824120603,0.0
007,2026-03-13T00:15:03.872574,1.207537688442211,0.0
007,2026-03-13T00:15:03.872574,1.2221105527638192,0.0
007,2026-03-13T00:15:03.872574,1.2366834170854273,0.0
007,2026-03-13T00:15:03.872574,1.2512562814070352,0.0
007,2026-03-13T00:15:03.872574,1.2658291457286432,0.0
007,2026-03-13T00:15:03.872574,1.2804020100502513,0.0
007,2026-03-13T00:15:03.872574,1.2949748743718594,0.0
007,2026-03-13T00:15:03.872574,1.3095477386934675,0.0
007,2026-03-13T00:15:03.872574,1.3241206030150754,0.0
007,2026-03-13T00:15:03.872574,1.3386934673366835,0.0
007,2026-03-13T00:15:03.872574,1.3532663316582916,0.0
007,2026-03-13T00:15:03.872574,1.3678391959798997,0.0
007,2026-03-13T00:15:03.872574,1.3824120603015075,0.0
007,2026-03-13T00:15:03.872574,1.3969849246231156,0.0
007,2026-03-13T00:15:03.872574,1.4115577889447237,0.0
007,2026-03-13T00:15:03.872574,1.4261306532663318,0.0
007,2026-03-13T00:15:03.872574,1.4407035175879397,0.0
007,2026-03-13T00:15:03.872574,1.4552763819095478,0.0
007,2026-03-13T00:15:03.872574,1.4698492462311559,0.0
007,2026-03-13T00:15:03.872574,1.484422110552764,0.0
007,2026-03-13T00:15:03.872574,1.498994974874372,0.0
007,2026-03-13T00:15:03.872574,1.51356783919598,0.0
007,2026-03-13T00:15:03.872574,1.528140703517588,0.0
007,2026-03-13T00:15:03.872574,1.542713567839196,0.0
007,2026-03-13T00:15:03.872574,1.5572864321608042,0.0
007,2026-03-13T00:15:03.872574,1.571859296482412,0.0
007,2026-03-13T00:15:03.872574,1.5864321608040202,0.0
007,2026-03-13T00:15:03.872574,1.6010050251256283,0.0
007,2026-03-13T00:15:03.872574,1.6155778894472363,0.0
007,2026-03-13T00:15:03.872574,1.6301507537688442,0.0
007,2026-03-13T00:15:03.872574,1.6447236180904523,0.0
007,2026-03-13T00:15:03.872574,1.6592964824120604,0.0
007,2026-03-13T00:15:03.872574,1.6738693467336685,0.0
007,2026-03-13T00:15:03.872574,1.6884422110552764,0.0
007,2026-03-13T00:15:03.872574,1.7030150753768845,0.0
007,2026-03-13T00:15:03.872574,1.7175879396984925,0.0
007,2026-03-13T00:15:03.872574,1.7321608040201006,0.0
007,2026-03-13T00:15:03.872574,1.7467336683417087,0.0
007,2026-03-13T00:15:03.872574,1.7613065326633166,0.0
007,2026-03-13T00:15:03.872574,1.7758793969849247,0.0
007,2026-03-13T00:15:03.872574,1.7904522613065328,0.0
007,2026-03-13T00:15:03.872574,1.8050251256281409,0.0
007,2026-03-13T00:15:03.872574,1.8195979899497488,0.0
007,2026-03-13T00:15:03.872574,1.8341708542713568,0.0
007,2026-03-13T00:15:03.872574,1.848743718592965,0.0
007,2026-03-13T00:15:03.872574,1.863316582914573,0.0
007,2026-03-13T00:15:03.872574,1.877889447236181,0.0
007,2026-03-13T00:15:03.872574,1.892462311557789,0.0
007,2026-03-13T00:15:03.872574,1.907035175879397,0.0
007,2026-03-13T00:15:03.872574,1.9216080402010052,0.0
007,2026-03-13T00:15:03.872574,1.936180904522613,0.0
007,2026-03-13T00:15:03.872574,1.9507537688442211,0.0
007,2026-03-13T00:15:03.872574,1.9653266331658292,0.0
007,2026-03-13T00:15:03.872574,1.9798994974874373,0.0
007,2026-03-13T00:15:03.872574,1.9944723618090454,0.0
007,2026-03-13T00:15:03.872574,2.0090452261306533,0.0
007,2026-03-13T00:15:03.872574,2.023618090452261,0.0
007,2026-03-13T00:15:03.872574,2.0381909547738695,0.0
007,2026-03-13T00:15:03.872574,2.0527638190954773,0.0
007,2026-03-13T00:15:03.872574,2.067336683417085,0.0
007,2026-03-13T00:15:03.872574,2.0819095477386935,0.0
007,2026-03-13T00:15:03.872574,2.0964824120603014,0.0
007,2026-03-13T00:15:03.872574,2.1110552763819097,0.0
007,2026-03-13T00:15:03.872574,2.1256281407035176,0.0
007,2026-03-13T00:15:03.872574,2.140201005025126,0.0
007,2026-03-13T00:15:03.872574,2.1547738693467338,0.0
007,2026-03-13T00:15:03.872574,2.1693467336683416,0.0
007,2026-03-13T00:15:03.872574,2.18391959798995,0.0
007,2026-03-13T00:15:03.872574,2.198492462311558,0.0
007,2026-03-13T00:15:03.872574,2.213065326633166,0.0
007,2026-03-13T00:15:03.872574,2.227638190954774,0.0
007,2026-03-13T00:15:03.872574,2.242211055276382,0.0
007,2026-03-13T00:15:03.872574,2.25678391959799,0.0
007,2026-03-13T00:15:03.872574,2.271356783919598,0.0
007,2026-03-13T00:15:03.872574,2.285929648241206,0.0
007,2026-03-13T00:15:03.872574,2.3005025125628142,0.0
007,2026-03-13T00:15:03.872574,2.315075376884422,0.0
007,2026-03-13T00:15:03.872574,2.3296482412060304,0.0
007,2026-03-13T00:15:03.872574,2.3442211055276383,0.0
007,2026-03-13T00:15:03.872574,2.358793969849246,0.0
007,2026-03-13T00:15:03.872574,2.3733668341708545,0.0
007,2026-03-13T00:15:03.872574,2.3879396984924623,0.0
007,2026-03-13T00:15:03.872574,2.40251256281407,0.0
007,2026-03-13T00:15:03.872574,2.4170854271356785,0.0
007,2026-03-13T00:15:03.872574,2.4316582914572864,0.0
007,2026-03-13T00:15:03.872574,2.4462311557788947,0.0
007,2026-03-13T00:15:03.872574,2.4608040201005026,0.0
007,2026-03-13T00:15:03.872574,2.4753768844221105,0.0
007,2026-03-13T00:15:03.872574,2.4899497487437188,0.0
007,2026-03-13T00:15:03.872574,2.5045226130653266,0.0
007,2026-03-13T00:15:03.872574,2.519095477386935,0.0
007,2026-03-13T00:15:03.872574,2.533668341708543,0.0
007,2026-03-13T00:15:03.872574,2.5482412060301507,0.0
007,2026-03-13T00:15:03.872574,2.562814070351759,0.0
007,2026-03-13T00:15:03.872574,2.577386934673367,0.0
007,2026-03-13T00:15:03.872574,2.5919597989949748,0.0
007,2026-03-13T00:15:03.872574,2.606532663316583,0.0
007,2026-03-13T00:15:03.872574,2.621105527638191,0.0
007,2026-03-13T00:15:03.872574,2.6356783919597992,0.0
007,2026-03-13T00:15:03.872574,2.650251256281407,0.0
007,2026-03-13T00:15:03.872574,2.664824120603015,0.0
007,2026-03-13T00:15:03.872574,2.6793969849246233,0.0
007,2026-03-13T00:15:03.872574,2.693969849246231,0.0
007,2026-03-13T00:15:03.872574,2.7085427135678395,0.0
007,2026-03-13T00:15:03.872574,2.7231155778894474,0.0
007,2026-03-13T00:15:03.872574,2.7376884422110552,0.0
007,2026-03-13T00:15:03.872574,2.7522613065326635,0.0
007,2026-03-13T00:15:03.872574,2.7668341708542714,0.0
007,2026-03-13T00:15:03.872574,2.7814070351758793,0.0
007,2026-03-13T00:15:03.872574,2.7959798994974876,0.0
007,2026-03-13T00:15:03.872574,2.8105527638190955,0.0
007,2026-03-13T00:15:03.872574,2.825125628140704,0.0
007,2026-03-13T00:15:03.872574,2.8396984924623117,0.0
007,2026-03-13T00:15:03.872574,2.8542713567839195,0.0
007,2026-03-13T00:15:03.872574,2.868844221105528,0.0
007,2026-03-13T00:15:03.872574,2.8834170854271357,0.0
007,2026-03-13T00:15:03.872574,2.897989949748744,0.0
007,2026-03-13T00:15:03.872574,2.912562814070352,0.0
007,2026-03-13T00:15:03.872574,2.9271356783919598,0.0
007,2026-03-13T00:15:03.872574,2.941708542713568,0.0
007,2026-03-13T00:15:03.872574,2.956281407035176,0.0
007,2026-03-13T00:15:03.872574,2.970854271356784,0.0
007,2026-03-13T00:15:03.872574,2.985427135678392,0.0
007,2026-03-13T00:15:03.872574,3.0,0.0
008,2026-03-13T00:15:03.876522,0.1,0.0
008,2026-03-13T00:15:03.876522,0.11457286432160804,0.0
008,2026-03-13T00:15:03.876522,0.12914572864321608,0.0
008,2026-03-13T00:15:03.876522,0.14371859296482414,0.0
008,2026-03-13T00:15:03.876522,0.15829145728643218,0.0
008,2026-03-13T00:15:03.876522,0.17286432160804022,0.0
008,2026-03-13T00:15:03.876522,0.18743718592964825,0.0
008,2026-03-13T00:15:03.876522,0.2020100502512563,0.0
008,2026-03-13T00:15:03.876522,0.21658291457286433,0.0
008,2026-03-13T00:15:03.876522,0.23115577889447236,0.0
008,2026-03-13T00:15:03.876522,0.2457286432160804,0.0
008,2026-03-13T00:15:03.876522,0.26030150753768844,0.0
008,2026-03-13T00:15:03.876522,0.27487437185929653,0.0
008,2026-03-13T00:15:03.876522,0.2894472361809045,0.0
008,2026-03-13T00:15:03.876522,0.3040201005025126,0.0
008,2026-03-13T00:15:03.876522,0.3185929648241206,0.0
008,2026-03-13T00:15:03.876522,0.3331658291457287,0.0
008,2026-03-13T00:15:03.876522,0.34773869346733666,0.0
008,2026-03-13T00:15:03.876522,0.36231155778894475,0.0
008,2026-03-13T00:15:03.876522,0.37688442211055273,0.0
008,2026-03-13T00:15:03.876522,0.3914572864321608,0.0
008,2026-03-13T00:15:03.876522,0.4060301507537688,0.0
008,2026-03-13T00:15:03.876522,0.4206030150753769,0.0
008,2026-03-13T00:15:03.876522,0.4351758793969849,0.0
008,2026-03-13T00:15:03.876522,0.44974874371859297,0.0
008,2026-03-13T00:15:03.876522,0.46432160804020106,0.0
008,2026-03-13T00:15:03.876522,0.47889447236180904,0.0
008,2026-03-13T00:15:03.876522,0.49346733668341713,0.0
008,2026-03-13T00:15:03.876522,0.5080402010050251,0.0
008,2026-03-13T00:15:03.876522,0.5226130653266332,0.0
008,2026-03-13T00:15:03.876522,0.5371859296482412,0.0
008,2026-03-13T00:15:03.876522,0.5517587939698493,0.0
008,2026-03-13T00:15:03.876522,0.5663316582914573,0.0
008,2026-03-13T00:15:03.876522,0.5809045226130654,0.0
008,2026-03-13T00:15:03.876522,0.5954773869346733,0.0
008,2026-03-13T00:15:03.876522,0.6100502512562814,0.0
008,2026-03-13T00:15:03.876522,0.6246231155778894,0.0
008,2026-03-13T00:15:03.876522,0.6391959798994975,0.0
008,2026-03-13T00:15:03.876522,0.6537688442211055,0.0
008,2026-03-13T00:15:03.876522,0.6683417085427136,0.0
008,2026-03-13T00:15:03.876522,0.6829145728643216,0.0
008,2026-03-13T00:15:03.876522,0.6974874371859296,0.0
008,2026-03-13T00:15:03.876522,0.7120603015075376,0.0
008,2026-03-13T00:15:03.876522,0.7266331658291457,0.0
008,2026-03-13T00:15:03.876522,0.7412060301507537,0.0
008,2026-03-13T00:15:03.876522,0.7557788944723618,0.0
008,2026-03-13T00:15:03.876522,0.7703517587939698,0.0
008,2026-03-13T00:15:03.876522,0.7849246231155779,0.0
008,2026-03-13T00:15:03.876522,0.799497487437186,0.0
008,2026-03-13T00:15:03.876522,0.8140703517587939,0.0
008,2026-03-13T00:15:03.876522,0.828643216080402,0.0
008,2026-03-13T00:15:03.876522,0.84321608040201,0.0
008,2026-03-13T00:15:03.876522,0.8577889447236181,0.0
008,2026-03-13T00:15:03.876522,0.8723618090452261,0.0
008,2026-03-13T00:15:03.876522,0.8869346733668342,0.0
008,2026-03-13T00:15:03.876522,0.9015075376884422,0.0
008,2026-03-13T00:15:03.876522,0.9160804020100503,0.0
008,2026-03-13T00:15:03.876522,0.9306532663316582,0.0
008,2026-03-13T00:15:03.876522,0.9452261306532663,0.0
008,2026-03-13T00:15:03.876522,0.9597989949748743,0.0
008,2026-03-13T00:15:03.876522,0.9743718592964824,0.0
008,2026-03-13T00:15:03.876522,0.9889447236180904,0.0
008,2026-03-13T00:15:03.876522,1.0035175879396985,0.0
008,2026-03-13T00:15:03.876522,1.0180904522613066,0.0
008,2026-03-13T00:15:03.876522,1.0326633165829147,0.0
008,2026-03-13T00:15:03.876522,1.0472361809045228,0.0
008,2026-03-13T00:15:03.876522,1.0618090452261306,0.0
008,2026-03-13T00:15:03.876522,1.0763819095477387,0.0
008,2026-03-13T00:15:03.876522,1.0909547738693468,0.0
008,2026-03-13T00:15:03.876522,1.105527638190955,0.0
008,2026-03-13T00:15:03.876522,1.120100502512563,0.0
008,2026-03-13T00:15:03.876522,1.1346733668341709,0.0
008,2026-03-13T00:15:03.876522,1.149246231155779,0.0
008,2026-03-13T00:15:03.876522,1.163819095477387,0.0
008,2026-03-13T00:15:03.876522,1.1783919597989951,0.0
008,2026-03-13T00:15:03.876522,1.192964824120603,0.0
008,2026-03-13T00:15:03.876522,1.207537688442211,0.0
008,2026-03-13T00:15:03.876522,1.2221105527638192,0.0
008,2026-03-13T00:15:03.876522,1.2366834170854273,0.0
008,2026-03-13T00:15:03.876522,1.2512562814070352,0.0
008,2026-03-13T00:15:03.876522,1.2658291457286432,0.0
008,2026-03-13T00:15:03.876522,1.2804020100502513,0.0
008,2026-03-13T00:15:03.876522,1.2949748743718594,0.0
008,2026-03-13T00:15:03.876522,1.3095477386934675,0.0
008,2026-03-13T00:15:03.876522,1.3241206030150754,0.0
008,2026-03-13T00:15:03.876522,1.3386934673366835,0.0
008,2026-03-13T00:15:03.876522,1.3532663316582916,0.0
008,2026-03-13T00:15:03.876522,1.3678391959798997,0.0
008,2026-03-13T00:15:03.876522,1.3824120603015075,0.0
008,2026-03-13T00:15:03.876522,1.3969849246231156,0.0
008,2026-03-13T00:15:03.876522,1.4115577889447237,0.0
008,2026-03-13T00:15:03.876522,1.4261306532663318,0.0
008,2026-03-13T00:15:03.876522,1.4407035175879397,0.0
008,2026-03-13T00:15:03.876522,1.4552763819095478,0.0
008,2026-03-13T00:15:03.876522,1.4698492462311559,0.0
008,2026-03-13T00:15:03.876522,1.484422110552764,0.0
008,2026-03-13T00:15:03.876522,1.498994974874372,0.0
008,2026-03-13T00:15:03.876522,1.51356783919598,0.0
008,2026-03-13T00:15:03.876522,1.528140703517588,0.0
008,2026-03-13T00:15:03.876522,1.542713567839196,0.0
008,2026-03-13T00:15:03.876522,1.5572864321608042,0.0
008,2026-03-13T00:15:03.876522,1.571859296482412,0.0
008,2026-03-13T00:15:03.876522,1.5864321608040202,0.0
008,2026-03-13T00:15:03.876522,1.6010050251256283,0.0
008,2026-03-13T00:15:03.876522,1.6155778894472363,0.0
008,2026-03-13T00:15:03.876522,1.6301507537688442,0.0
008,2026-03-13T00:15:03.876522,1.6447236180904523,0.0
008,2026-03-13T00:15:03.876522,1.6592964824120604,0.0
008,2026-03-13T00:15:03.876522,1.6738693467336685,0.0
008,2026-03-13T00:15:03.876522,1.6884422110552764,0.0
008,2026-03-13T00:15:03.876522,1.7030150753768845,0.0
008,2026-03-13T00:15:03.876522,1.7175879396984925,0.0
008,2026-03-13T00:15:03.876522,1.7321608040201006,0.0
008,2026-03-13T00:15:03.876522,1.7467336683417087,0.0
008,2026-03-13T00:15:03.876522,1.7613065326633166,0.0
008,2026-03-13T00:15:03.876522,1.7758793969849247,0.0
008,2026-03-13T00:15:03.876522,1.7904522613065328,0.0
008,2026-03-13T00:15:03.876522,1.8050251256281409,0.0
008,2026-03-13T00:15:03.876522,1.8195979899497488,0.0
008,2026-03-13T00:15:03.876522,1.8341708542713568,0.0
008,2026-03-13T00:15:03.876522,1.848743718592965,0.0
008,2026-03-13T00:15:03.876522,1.863316582914573,0.0
008,2026-03-13T00:15:03.876522,1.877889447236181,0.0
008,2026-03-13T00:15:03.876522,1.892462311557789,0.0
008,2026-03-13T00:15:03.876522,1.907035175879397,0.0
008,2026-03-13T00:15:03.876522,1.9216080402010052,0.0
008,2026-03-13T00:15:03.876522,1.936180904522613,0.0
008,2026-03-13T00:15:03.876522,1.9507537688442211,0.0
008,2026-03-13T00:15:03.876522,1.9653266331658292,0.0
008,2026-03-13T00:15:03.876522,1.9798994974874373,0.0
008,2026-03-13T00:15:03.876522,1.9944723618090454,0.0
008,2026-03-13T00:15:03.876522,2.0090452261306533,0.0
008,2026-03-13T00:15:03.876522,2.023618090452261,0.0
008,2026-03-13T00:15:03.876522,2.0381909547738695,0.0
008,2026-03-13T00:15:03.876522,2.0527638190954773,0.0
008,2026-03-13T00:15:03.876522,2.067336683417085,0.0
008,2026-03-13T00:15:03.876522,2.0819095477386935,0.0
008,2026-03-13T00:15:03.876522,2.0964824120603014,0.0
008,2026-03-13T00:15:03.876522,2.1110552763819097,0.0
008,2026-03-13T00:15:03.876522,2.1256281407035176,0.0
008,2026-03-13T00:15:03.876522,2.140201005025126,0.0
008,2026-03-13T00:15:03.876522,2.1547738693467338,0.0
008,2026-03-13T00:15:03.876522,2.1693467336683416,0.0
008,2026-03-13T00:15:03.876522,2.18391959798995,0.0
008,2026-03-13T00:15:03.876522,2.198492462311558,0.0
008,2026-03-13T00:15:03.876522,2.213065326633166,0.0
008,2026-03-13T00:15:03.876522,2.227638190954774,0.0
008,2026-03-13T00:15:03.876522,2.242211055276382,0.0
008,2026-03-13T00:15:03.876522,2.25678391959799,0.0
008,2026-03-13T00:15:03.876522,2.271356783919598,0.0
008,2026-03-13T00:15:03.876522,2.285929648241206,0.0
008,2026-03-13T00:15:03.876522,2.3005025125628142,0.0
008,2026-03-13T00:15:03.876522,2.315075376884422,0.0
008,2026-03-13T00:15:03.876522,2.3296482412060304,0.0
008,2026-03-13T00:15:03.876522,2.3442211055276383,0.0
008,2026-03-13T00:15:03.876522,2.358793969849246,0.0
008,2026-03-13T00:15:03.876522,2.3733668341708545,0.0
008,2026-03-13T00:15:03.876522,2.3879396984924623,0.0
008,2026-03-13T00:15:03.876522,2.40251256281407,0.0
008,2026-03-13T00:15:03.876522,2.4170854271356785,0.0
008,2026-03-13T00:15:03.876522,2.4316582914572864,0.0
008,2026-03-13T00:15:03.876522,2.4462311557788947,0.0
008,2026-03-13T00:15:03.876522,2.4608040201005026,0.0
008,2026-03-13T00:15:03.876522,2.4753768844221105,0.0
008,2026-03-13T00:15:03.876522,2.4899497487437188,0.0
008,2026-03-13T00:15:03.876522,2.5045226130653266,0.0
008,2026-03-13T00:15:03.876522,2.519095477386935,0.0
008,2026-03-13T00:15:03.876522,2.533668341708543,0.0
008,2026-03-13T00:15:03.876522,2.5482412060301507,0.0
008,2026-03-13T00:15:03.876522,2.562814070351759,0.0
008,2026-03-13T00:15:03.876522,2.577386934673367,0.0
008,2026-03-13T00:15:03.876522,2.5919597989949748,0.0
008,2026-03-13T00:15:03.876522,2.606532663316583,0.0
008,2026-03-13T00:15:03.876522,2.621105527638191,0.0
008,2026-03-13T00:15:03.876522,2.6356783919597992,0.0
008,2026-03-13T00:15:03.876522,2.650251256281407,0.0
008,2026-03-13T00:15:03.876522,2.664824120603015,0.0
008,2026-03-13T00:15:03.876522,2.6793969849246233,0.0
008,2026-03-13T00:15:03.876522,2.693969849246231,0.0
008,2026-03-13T00:15:03.876522,2.7085427135678395,0.0
008,2026-03-13T00:15:03.876522,2.7231155778894474,0.0
008,2026-03-13T00:15:03.876522,2.7376884422110552,0.0
008,2026-03-13T00:15:03.876522,2.7522613065326635,0.0
008,2026-03-13T00:15:03.876522,2.7668341708542714,0.0
008,2026-03-13T00:15:03.876522,2.7814070351758793,0.0
008,2026-03-13T00:15:03.876522,2.7959798994974876,0.0
008,2026-03-13T00:15:03.876522,2.8105527638190955,0.0
008,2026-03-13T00:15:03.876522,2.825125628140704,0.0
008,2026-03-13T00:15:03.876522,2.8396984924623117,0.0
008,2026-03-13T00:15:03.876522,2.8542713567839195,0.0
008,2026-03-13T00:15:03.876522,2.868844221105528,0.0
008,2026-03-13T00:15:03.876522,2.8834170854271357,0.0
008,2026-03-13T00:15:03.876522,2.897989949748744,0.0
008,2026-03-13T00:15:03.876522,2.912562814070352,0.0
008,2026-03-13T00:15:03.876522,2.9271356783919598,0.0
008,2026-03-13T00:15:03.876522,2.941708542713568,0.0
008,2026-03-13T00:15:03.876522,2.956281407035176,0.0
008,2026-03-13T00:15:03.876522,2.970854271356784,0.0
008,2026-03-13T00:15:03.876522,2.985427135678392,0.0
008,2026-03-13T00:15:03.876522,3.0,0.0
009,2026-03-13T00:15:03.880108,0.1,36.117121248435524
009,2026-03-13T00:15:03.880108,0.11457286432160804,41.39027733028843
009,2026-03-13T00:15:03.880108,0.12914572864321608,46.664606605776044
009,2026-03-13T00:15:03.880108,0.14371859296482414,51.93997586946898
009,2026-03-13T00:15:03.880108,0.15829145728643218,57.216279108388335
009,2026-03-13T00:15:03.880108,0.17286432160804022,62.493429937451765
009,2026-03-13T00:15:03.880108,0.18743718592964825,67.77135660541626
009,2026-03-13T00:15:03.880108,0.2020100502512563,73.04999856402628
009,2026-03-13T00:15:03.880108,0.21658291457286433,78.32930403265073
009,2026-03-13T00:15:03.880108,0.23115577889447236,83.60922822154771
009,2026-03-13T00:15:03.880108,0.2457286432160804,88.88973200506189
009,2026-03-13T00:15:03.880108,0.26030150753768844,94.17078091075291
009,2026-03-13T00:15:03.880108,0.27487437185929653,99.45234433564201
009,2026-03-13T00:15:03.880108,0.2894472361809045,104.73439492920807
009,2026-03-13T00:15:03.880108,0.3040201005025126,110.01690810094442
009,2026-03-13T00:15:03.880108,0.3185929648241206,115.29986162259229
009,2026-03-13T00:15:03.880108,0.3331658291457287,120.58323530332927
009,2026-03-13T00:15:03.880108,0.34773869346733666,125.86701072189499
009,2026-03-13T00:15:03.880108,0.36231155778894475,131.1511710037139
009,2026-03-13T00:15:03.880108,0.37688442211055273,136.43570063395237
009,2026-03-13T00:15:03.880108,0.3914572864321608,141.72058529952483
009,2026-03-13T00:15:03.880108,0.4060301507537688,147.00581175469233
009,2026-03-13T00:15:03.880108,0.4206030150753769,152.29136770595323
009,2026-03-13T00:15:03.880108,0.4351758793969849,157.5772417129283
009,2026-03-13T00:15:03.880108,0.44974874371859297,162.86342310255895
009,2026-03-13T00:15:03.880108,0.46432160804020106,168.14990189439595
009,2026-03-13T00:15:03.880108,0.47889447236180904,173.4366687353031
009,2026-03-13T00:15:03.880108,0.49346733668341713,178.72371484216274
009,2026-03-13T00:15:03.880108,0.5080402010050251,-175.98896804872857
009,2026-03-13T00:15:03.880108,0.5226130653266332,-170.7013877263944
009,2026-03-13T00:15:03.880108,0.5371859296482412,-165.41355154492885
009,2026-03-13T00:15:03.880108,0.5517587939698493,-160.12546645891416
009,2026-03-13T00:15:03.880108,0.5663316582914573,-154.83713905516197
009,2026-03-13T00:15:03.880108,0.5809045226130654,-149.5485755810405
009,2026-03-13T00:15:03.880108,0.5954773869346733,-144.25978197016593
009,2026-03-13T00:15:03.880108,0.6100502512562814,-138.970763865349
009,2026-03-13T00:15:03.880108,0.6246231155778894,-133.6815266395206
009,2026-03-13T00:15:03.880108,0.6391959798994975,-128.39207541462383
009,2026-03-13T00:15:03.880108,0.6537688442211055,-123.10241507878163
009,2026-03-13T00:15:03.880108,0.6683417085427136,-117.81255030196553
009,2026-03-13T00:15:03.880108,0.6829145728643216,-112.52248555027836
009,2026-03-13T00:15:03.880108,0.6974874371859296,-107.23222509898915
009,2026-03-13T00:15:03.880108,0.7120603015075376,-101.9417730445457
009,2026-03-13T00:15:03.880108,0.7266331658291457,-96.65113331553584
009,2026-03-13T00:15:03.880108,0.7412060301507537,-91.36030968280465
009,2026-03-13T00:15:03.880108,0.7557788944723618,-86.06930576875675
009,2026-03-13T00:15:03.880108,0.7703517587939698,-80.77812505595648
009,2026-03-13T00:15:03.880108,0.7849246231155779,-75.48677089509874
009,2026-03-13T00:15:03.880108,0.799497487437186,-70.19524651229221
009,2026-03-13T00:15:03.880108,0.8140703517587939,-64.90355501594968
009,2026-03-13T00:15:03.880108,0.828643216080402,-59.611699403052626
009,2026-03-13T00:15:03.880108,0.84321608040201,-54.31968256509208
009,2026-03-13T00:15:03.880108,0.8577889447236181,-49.02750729350009
009,2026-03-13T00:15:03.880108,0.8723618090452261,-43.735176284768386
009,2026-03-13T00:15:03.880108,0.8869346733668342,-38.442692145217734
009,2026-03-13T00:15:03.880108,0.9015075376884422,-33.15005739541448
009,2026-03-13T00:15:03.880108,0.9160804020100503,-27.85727447436875
009,2026-03-13T00:15:03.880108,0.9306532663316582,-22.564345743416197
009,2026-03-13T00:15:03.880108,0.9452261306532663,-17.271273489895975
009,2026-03-13T00:15:03.880108,0.9597989949748743,-11.97805993048678
009,2026-03-13T00:15:03.880108,0.9743718592964824,-6.684707214542868
009,2026-03-13T00:15:03.880108,0.9889447236180904,-1.3912174270335527
009,2026-03-13T00:15:03.880108,1.0035175879396985,3.9024074085646134
009,2026-03-13T00:15:03.880108,1.0180904522613066,9.196165327593917
009,2026-03-13T00:15:03.880108,1.0326633165829147,14.490054421712557
009,2026-03-13T00:15:03.880108,1.0472361809045228,19.784072836479027
009,2026-03-13T00:15:03.880108,1.0618090452261306,25.078218769111118
009,2026-03-13T00:15:03.880108,1.0763819095477387,30.37249046637953
009,2026-03-13T00:15:03.880108,1.0909547738693468,35.66688622253423
009,2026-03-13T00:15:03.880108,1.105527638190955,40.96140437748545
009,2026-03-13T00:15:03.880108,1.120100502512563,46.25604331490467
009,2026-03-13T00:15:03.880108,1.1346733668341709,51.5508014605839
009,2026-03-13T00:15:03.880108,1.149246231155779,56.84567728080219
009,2026-03-13T00:15:03.880108,1.163819095477387,62.140669280750444
009,2026-03-13T00:15:03.880108,1.1783919597989951,67.43577600308345
009,2026-03-13T00:15:03.880108,1.192964824120603,72.73099602657021
009,2026-03-13T00:15:03.880108,1.207537688442211,78.0263279646897
009,2026-03-13T00:15:03.880108,1.2221105527638192,83.32177046444849
009,2026-03-13T00:15:03.880108,1.2366834170854273,88.61732220514386
009,2026-03-13T00:15:03.880108,1.2512562814070352,93.91298189723602
009,2026-03-13T00:15:03.880108,1.2658291457286432,99.2087482812276
009,2026-03-13T00:15:03.880108,1.2804020100502513,104.50462012666685
009,2026-03-13T00:15:03.880108,1.2949748743718594,109.80059623109992
009,2026-03-13T00:15:03.880108,1.3095477386934675,115.09667541923409
009,2026-03-13T00:15:03.880108,1.3241206030150754,120.39285654189734
009,2026-03-13T00:15:03.880108,1.3386934673366835,125.68913847525982
009,2026-03-13T00:15:03.880108,1.3532663316582916,130.985520119968
009,2026-03-13T00:15:03.880108,1.3678391959798997,136.28200040037336
009,2026-03-13T00:15:03.880108,1.3824120603015075,141.57857826378313
009,2026-03-13T00:15:03.880108,1.3969849246231156,146.87525267971068
009,2026-03-13T00:15:03.880108,1.4115577889447237,152.17202263917716
009,2026-03-13T00:15:03.880108,1.4261306532663318,157.46888715403475
009,2026-03-13T00:15:03.880108,1.4407035175879397,162.76584525642102
009,2026-03-13T00:15:03.880108,1.4552763819095478,168.06289599800948
009,2026-03-13T00:15:03.880108,1.4698492462311559,173.36003844950028
009,2026-03-13T00:15:03.880108,1.484422110552764,178.6572717000381
009,2026-03-13T00:15:03.880108,1.498994974874372,-176.0454051433262
009,2026-03-13T00:15:03.880108,1.51356783919598,-170.74799295619596
009,2026-03-13T00:15:03.880108,1.528140703517588,-165.45049259722873
009,2026-03-13T00:15:03.880108,1.542713567839196,-160.15290490876214
009,2026-03-13T00:15:03.880108,1.5572864321608042,-154.85523071716307
009,2026-03-13T00:15:03.880108,1.571859296482412,-149.55747083332972
009,2026-03-13T00:15:03.880108,1.5864321608040202,-144.2596260531427
009,2026-03-13T00:15:03.880108,1.6010050251256283,-138.96169715778524
009,2026-03-13T00:15:03.880108,1.6155778894472363,-133.6636849142451
009,2026-03-13T00:15:03.880108,1.6301507537688442,-128.36559007564938
009,2026-03-13T00:15:03.880108,1.6447236180904523,-123.06741338167194
009,2026-03-13T00:15:03.880108,1.6592964824120604,-117.76915555885353
009,2026-03-13T00:15:03.880108,1.6738693467336685,-112.47081732095103
009,2026-03-13T00:15:03.880108,1.6884422110552764,-107.17239936925762
009,2026-03-13T00:15:03.880108,1.7030150753768845,-101.87390239302476
009,2026-03-13T00:15:03.880108,1.7175879396984925,-96.57532706960774
009,2026-03-13T00:15:03.880108,1.7321608040201006,-91.27667406496766
009,2026-03-13T00:15:03.880108,1.7467336683417087,-85.9779440337079
009,2026-03-13T00:15:03.880108,1.7613065326633166,-80.679137619627
009,2026-03-13T00:15:03.880108,1.7758793969849247,-75.38025545579876
009,2026-03-13T00:15:03.880108,1.7904522613065328,-70.08129816489236
009,2026-03-13T00:15:03.880108,1.8050251256281409,-64.78226635947794
009,2026-03-13T00:15:03.880108,1.8195979899497488,-59.48316064217943
009,2026-03-13T00:15:03.880108,1.8341708542713568,-54.18398160598008
009,2026-03-13T00:15:03.880108,1.848743718592965,-48.8847298344117
009,2026-03-13T00:15:03.880108,1.863316582914573,-43.58540590185294
009,2026-03-13T00:15:03.880108,1.877889447236181,-38.28601037361659
009,2026-03-13T00:15:03.880108,1.892462311557789,-32.98654380628432
009,2026-03-13T00:15:03.880108,1.907035175879397,-27.68700674783031
009,2026-03-13T00:15:03.880108,1.9216080402010052,-22.38739973789052
009,2026-03-13T00:15:03.880108,1.936180904522613,-17.08772330785723
009,2026-03-13T00:15:03.880108,1.9507537688442211,-11.787977981119184
009,2026-03-13T00:15:03.880108,1.9653266331658292,-6.4881642732725595
009,2026-03-13T00:15:03.880108,1.9798994974874373,-1.1882826922592358
009,2026-03-13T00:15:03.880108,1.9944723618090454,4.111666261502251
009,2026-03-13T00:15:03.880108,2.0090452261306533,9.411682094854768
009,2026-03-13T00:15:03.880108,2.023618090452261,14.711764321880764
009,2026-03-13T00:15:03.880108,2.0381909547738695,20.01191246360395
009,2026-03-13T00:15:03.880108,2.0527638190954773,25.312126047931088
009,2026-03-13T00:15:03.880108,2.067336683417085,30.61240460942645
009,2026-03-13T00:15:03.880108,2.0819095477386935,35.91274768929725
009,2026-03-13T00:15:03.880108,2.0964824120603014,41.21315483516082
009,2026-03-13T00:15:03.880108,2.1110552763819097,46.51362560087
009,2026-03-13T00:15:03.880108,2.1256281407035176,51.81415954654949
009,2026-03-13T00:15:03.880108,2.140201005025126,57.1147562382248
009,2026-03-13T00:15:03.880108,2.1547738693467338,62.415415247938654
009,2026-03-13T00:15:03.880108,2.1693467336683416,67.71613615353272
009,2026-03-13T00:15:03.880108,2.18391959798995,73.01691853847296
009,2026-03-13T00:15:03.880108,2.198492462311558,78.31776199177693
009,2026-03-13T00:15:03.880108,2.213065326633166,83.61866610797733
009,2026-03-13T00:15:03.880108,2.227638190954774,88.9196304869256
009,2026-03-13T00:15:03.880108,2.242211055276382,94.2206547336682
009,2026-03-13T00:15:03.880108,2.25678391959799,99.52173845848301
009,2026-03-13T00:15:03.880108,2.271356783919598,104.82288127660286
009,2026-03-13T00:15:03.880108,2.285929648241206,110.12408280822274
009,2026-03-13T00:15:03.880108,2.3005025125628142,115.42534267840529
009,2026-03-13T00:15:03.880108,2.315075376884422,120.72666051696433
009,2026-03-13T00:15:03.880108,2.3296482412060304,126.02803595835576
009,2026-03-13T00:15:03.880108,2.3442211055276383,131.32946864163387
009,2026-03-13T00:15:03.880108,2.358793969849246,136.63095821034221
009,2026-03-13T00:15:03.880108,2.3733668341708545,141.93250431241177
009,2026-03-13T00:15:03.880108,2.3879396984924623,147.23410660010995
009,2026-03-13T00:15:03.880108,2.40251256281407,152.53576472996792
009,2026-03-13T00:15:03.880108,2.4170854271356785,157.83747836270777
009,2026-03-13T00:15:03.880108,2.4316582914572864,163.13924716314068
009,2026-03-13T00:15:03.880108,2.4462311557788947,168.44107079994865
009,2026-03-13T00:15:03.880108,2.4608040201005026,173.74294894601917
009,2026-03-13T00:15:03.880108,2.4753768844221105,179.04488127792138
009,2026-03-13T00:15:03.880108,2.4899497487437188,-175.65313252387568
009,2026-03-13T00:15:03.880108,2.5045226130653266,-170.35109277517768
009,2026-03-13T00:15:03.880108,2.519095477386935,-165.04899978812318
009,2026-03-13T00:15:03.880108,2.533668341708543,-159.74685387122736
009,2026-03-13T00:15:03.880108,2.5482412060301507,-154.4446553294547
009,2026-03-13T00:15:03.880108,2.562814070351759,-149.142404464219
009,2026-03-13T00:15:03.880108,2.577386934673367,-143.84010157365992
009,2026-03-13T00:15:03.880108,2.5919597989949748,-138.5377469524101
009,2026-03-13T00:15:03.880108,2.606532663316583,-133.2353408917843
009,2026-03-13T00:15:03.880108,2.621105527638191,-127.93288367986679
009,2026-03-13T00:15:03.880108,2.6356783919597992,-122.6303756016132
009,2026-03-13T00:15:03.880108,2.650251256281407,-117.32781693869038
009,2026-03-13T00:15:03.880108,2.664824120603015,-112.0252079697384
009,2026-03-13T00:15:03.880108,2.6793969849246233,-106.72254897039966
009,2026-03-13T00:15:03.880108,2.693969849246231,-101.4198402131442
009,2026-03-13T00:15:03.880108,2.7085427135678395,-96.11708196767722
009,2026-03-13T00:15:03.880108,2.7231155778894474,-90.81427450070623
009,2026-03-13T00:15:03.880108,2.7376884422110552,-85.51141807608656
009,2026-03-13T00:15:03.880108,2.7522613065326635,-80.20851295487955
009,2026-03-13T00:15:03.880108,2.7668341708542714,-74.90555939539627
009,2026-03-13T00:15:03.880108,2.7814070351758793,-69.60255765318288
009,2026-03-13T00:15:03.880108,2.7959798994974876,-64.29950798104983
009,2026-03-13T00:15:03.880108,2.8105527638190955,-58.996410629406455
009,2026-03-13T00:15:03.880108,2.825125628140704,-53.69326584578084
009,2026-03-13T00:15:03.880108,2.8396984924623117,-48.39007387528545
009,2026-03-13T00:15:03.880108,2.8542713567839195,-43.08683496048616
009,2026-03-13T00:15:03.880108,2.868844221105528,-37.78354934150411
009,2026-03-13T00:15:03.880108,2.8834170854271357,-32.48021725597209
009,2026-03-13T00:15:03.880108,2.897989949748744,-27.176838939180016
009,2026-03-13T00:15:03.880108,2.912562814070352,-21.873414623943972
009,2026-03-13T00:15:03.880108,2.9271356783919598,-16.569944540853612
009,2026-03-13T00:15:03.880108,2.941708542713568,-11.266428918184829
009,2026-03-13T00:15:03.880108,2.956281407035176,-5.962867981885211
009,2026-03-13T00:15:03.880108,2.970854271356784,-0.6592619557050057
009,2026-03-13T00:15:03.880108,2.985427135678392,4.644388938773773
009,2026-03-13T00:15:03.880108,3.0,9.948084482137347
010,2026-03-13T00:15:03.885820,0.1,45.991183315788476
010,2026-03-13T00:15:03.885820,0.11638795986622075,53.55505572677612
010,2026-03-13T00:15:03.885820,0.1327759197324415,61.1224358345562
010,2026-03-13T00:15:03.885820,0.14916387959866223,68.6928869813164
010,2026-03-13T00:15:03.885820,0.16555183946488294,76.26606926322256
010,2026-03-13T00:15:03.885820,0.1819397993311037,83.84171054329727
010,2026-03-13T00:15:03.885820,0.19832775919732443,91.41958800465727
010,2026-03-13T00:15:03.885820,0.21471571906354517,98.99951584785777
010,2026-03-13T00:15:03.885820,0.2311036789297659,106.58133676890247
010,2026-03-13T00:15:03.885820,0.24749163879598665,114.1649158682194
010,2026-03-13T00:15:03.885820,0.2638795986622074,121.75013618103003
010,2026-03-13T00:15:03.885820,0.2802675585284281,129.33689532299104
010,2026-03-13T00:15:03.885820,0.2966555183946489,136.92510292350016
010,2026-03-13T00:15:03.885820,0.3130434782608696,144.51467862824938
010,2026-03-13T00:15:03.885820,0.3294314381270903,152.10555052141171
010,2026-03-13T00:15:03.885820,0.3458193979933111,159.69765386274048
010,2026-03-13T00:15:03.885820,0.36220735785953184,167.29093006478615
010,2026-03-13T00:15:03.885820,0.3785953177257525,174.8853258556319
010,2026-03-13T00:15:03.885820,0.39498327759197327,-177.5192074129718
010,2026-03-13T00:15:03.885820,0.41137123745819404,-169.92271434246868
010,2026-03-13T00:15:03.885820,0.4277591973244148,-162.32523597212457
010,2026-03-13T00:15:03.885820,0.44414715719063547,-154.72681018934236
010,2026-03-13T00:15:03.885820,0.46053511705685624,-147.12747207921348
010,2026-03-13T00:15:03.885820,0.476923076923077,-139.52725422427102
010,2026-03-13T00:15:03.885820,0.49331103678929766,-131.92618696292993
010,2026-03-13T00:15:03.885820,0.5096989966555184,-124.32429861358469
010,2026-03-13T00:15:03.885820,0.5260869565217392,-116.72161566974683
010,2026-03-13T00:15:03.885820,0.54247491638796,-109.11816297091718
010,2026-03-13T00:15:03.885820,0.5588628762541806,-101.51396385271073
010,2026-03-13T00:15:03.885820,0.5752508361204014,-93.90904027940269
010,2026-03-13T00:15:03.885820,0.5916387959866222,-86.30341296132246
010,2026-03-13T00:15:03.885820,0.6080267558528428,-78.6971014591436
010,2026-03-13T00:15:03.885820,0.6244147157190636,-71.09012427708149
010,2026-03-13T00:15:03.885820,0.6408026755852844,-63.48249894618493
010,2026-03-13T00:15:03.885820,0.657190635451505,-55.874242099034745
010,2026-03-13T00:15:03.885820,0.6735785953177258,-48.26536953716641
010,2026-03-13T00:15:03.885820,0.6899665551839466,-40.65589629173701
010,2026-03-13T00:15:03.885820,0.7063545150501673,-33.045836678516935
010,2026-03-13T00:15:03.885820,0.722742474916388,-25.435204347788385
010,2026-03-13T00:15:03.885820,0.7391304347826088,-17.82401232963457
010,2026-03-13T00:15:03.885820,0.7555183946488295,-10.212273075259873
010,2026-03-13T00:15:03.885820,0.7719063545150502,-2.5999984947302437
010,2026-03-13T00:15:03.885820,0.788294314381271,5.012800008516933
010,2026-03-13T00:15:03.885820,0.8046822742474917,12.62611150606972
010,2026-03-13T00:15:03.885820,0.8210702341137125,20.239925515445066
010,2026-03-13T00:15:03.885820,0.8374581939799332,27.85423197333148
010,2026-03-13T00:15:03.885820,0.8538461538461539,35.469021211003565
010,2026-03-13T00:15:03.885820,0.8702341137123747,43.08428393153736
010,2026-03-13T00:15:03.885820,0.8866220735785953,50.70001118879736
010,2026-03-13T00:15:03.885820,0.9030100334448161,58.31619436792971
010,2026-03-13T00:15:03.885820,0.9193979933110369,65.9328251672996
010,2026-03-13T00:15:03.885820,0.9357859531772577,73.54989558178931
010,2026-03-13T00:15:03.885820,0.9521739130434783,81.1673978871404
010,2026-03-13T00:15:03.885820,0.9685618729096991,88.78532462544536
010,2026-03-13T00:15:03.885820,0.9849498327759199,96.40366859157803
010,2026-03-13T00:15:03.885820,1.0013377926421407,104.02242282062798
010,2026-03-13T00:15:03.885820,1.0177257525083614,111.6415805760771
010,2026-03-13T00:15:03.885820,1.034113712374582,119.2611353386601
010,2026-03-13T00:15:03.885820,1.050501672240803,126.88108079617086
010,2026-03-13T00:15:03.885820,1.0668896321070236,134.50141083363997
010,2026-03-13T00:15:03.885820,1.0832775919732442,142.122119524327
010,2026-03-13T00:15:03.885820,1.0996655518394651,149.7432011210476
010,2026-03-13T00:15:03.885820,1.1160535117056858,157.36465004827187
010,2026-03-13T00:15:03.885820,1.1324414715719067,164.98646089446265
010,2026-03-13T00:15:03.885820,1.1488294314381273,172.6086284049743
010,2026-03-13T00:15:03.885820,1.165217391304348,-179.7688525246267
010,2026-03-13T00:15:03.885820,1.1816053511705689,-172.14598685503734
010,2026-03-13T00:15:03.885820,1.1979933110367895,-164.5227794090315
010,2026-03-13T00:15:03.885820,1.2143812709030102,-156.89923487724445
010,2026-03-13T00:15:03.885820,1.230769230769231,-149.2753578234915
010,2026-03-13T00:15:03.885820,1.2471571906354517,-141.65115268989757
010,2026-03-13T00:15:03.885820,1.2635451505016726,-134.02662380154652
010,2026-03-13T00:15:03.885820,1.2799331103678933,-126.40177537123236
010,2026-03-13T00:15:03.885820,1.296321070234114,-118.7766115036502
010,2026-03-13T00:15:03.885820,1.3127090301003348,-111.15113619953627
010,2026-03-13T00:15:03.885820,1.3290969899665555,-103.52535335959692
010,2026-03-13T00:15:03.885820,1.3454849498327761,-95.8992667880957
010,2026-03-13T00:15:03.885820,1.361872909698997,-88.27288019660773
010,2026-03-13T00:15:03.885820,1.3782608695652177,-80.64619720711198
010,2026-03-13T00:15:03.885820,1.3946488294314383,-73.01922135538916
010,2026-03-13T00:15:03.885820,1.4110367892976592,-65.39195609390299
010,2026-03-13T00:15:03.885820,1.4274247491638798,-57.76440479487792
010,2026-03-13T00:15:03.885820,1.4438127090301005,-50.136570752940315
010,2026-03-13T00:15:03.885820,1.4602006688963214,-42.50845718776691
010,2026-03-13T00:15:03.885820,1.476588628762542,-34.880067246711405
010,2026-03-13T00:15:03.885820,1.492976588628763,-27.251404007074598
010,2026-03-13T00:15:03.885820,1.5093645484949836,-19.622470478549076
010,2026-03-13T00:15:03.885820,1.5257525083612042,-11.99326960532926
010,2026-03-13T00:15:03.885820,1.5421404682274251,-4.363804268279637
010,2026-03-13T00:15:03.885820,1.5585284280936458,3.2659227131152875
010,2026-03-13T00:15:03.885820,1.5749163879598664,10.895908578662784
010,2026-03-13T00:15:03.885820,1.5913043478260873,18.526150625817536
010,2026-03-13T00:15:03.885820,1.607692307692308,26.156646207768063
010,2026-03-13T00:15:03.885820,1.6240802675585286,33.787392731661384
010,2026-03-13T00:15:03.885820,1.6404682274247495,41.41838765718421
010,2026-03-13T00:15:03.885820,1.6568561872909702,49.049628494780336
010,2026-03-13T00:15:03.885820,1.6732441471571908,56.681112804253644
010,2026-03-13T00:15:03.885820,1.6896321070234117,64.31283819328382
010,2026-03-13T00:15:03.885820,1.7060200668896324,71.94480231598573
010,2026-03-13T00:15:03.885820,1.7224080267558532,79.57700287174521
010,2026-03-13T00:15:03.885820,1.738795986622074,87.2094376036548
010,2026-03-13T00:15:03.885820,1.7551839464882946,94.84210429750965
010,2026-03-13T00:15:03.885820,1.7715719063545154,102.47500078047597
010,2026-03-13T00:15:03.885820,1.787959866220736,110.10812492004334
010,2026-03-13T00:15:03.885820,1.8043478260869568,117.74147462274414
010,2026-03-13T00:15:03.885820,1.8207357859531776,125.37504783332406
010,2026-03-13T00:15:03.885820,1.8371237458193983,133.00884253352706
010,2026-03-13T00:15:03.885820,1.853511705685619,140.642856741164
010,2026-03-13T00:15:03.885820,1.8698996655518398,148.27708850920317
010,2026-03-13T00:15:03.885820,1.8862876254180605,155.91153592472256
010,2026-03-13T00:15:03.885820,1.9026755852842814,163.54619710809493
010,2026-03-13T00:15:03.885820,1.919063545150502,171.18107021226024
010,2026-03-13T00:15:03.885820,1.9354515050167227,178.81615342159057
010,2026-03-13T00:15:03.885820,1.9518394648829436,-173.54855504866282
010,2026-03-13T00:15:03.885820,1.9682274247491642,-165.91305695327173
010,2026-03-13T00:15:03.885820,1.984615384615385,-158.27735401770042
010,2026-03-13T00:15:03.885820,2.0010033444816058,-150.6414479388477
010,2026-03-13T00:15:03.885820,2.0173913043478264,-143.00534038583282
010,2026-03-13T00:15:03.885820,2.033779264214047,-135.36903300062113
010,2026-03-13T00:15:03.885820,2.0501672240802677,-127.73252739854797
010,2026-03-13T00:15:03.885820,2.0665551839464884,-120.09582516925002
010,2026-03-13T00:15:03.885820,2.082943143812709,-112.4589278770145
010,2026-03-13T00:15:03.885820,2.09933110367893,-104.82183706147771
010,2026-03-13T00:15:03.885820,2.115719063545151,-97.18455423823616
010,2026-03-13T00:15:03.885820,2.1321070234113715,-89.54708089932683
010,2026-03-13T00:15:03.885820,2.148494983277592,-81.90941851380921
010,2026-03-13T00:15:03.885820,2.1648829431438132,-74.27156852840562
010,2026-03-13T00:15:03.885820,2.181270903010034,-66.63353236771945
010,2026-03-13T00:15:03.885820,2.1976588628762546,-58.995311435020994
010,2026-03-13T00:15:03.885820,2.214046822742475,-51.35690711262578
010,2026-03-13T00:15:03.885820,2.230434782608696,-43.718320762345684
010,2026-03-13T00:15:03.885820,2.246822742474917,-36.0795537258964
010,2026-03-13T00:15:03.885820,2.2632107023411376,-28.4406073254504
010,2026-03-13T00:15:03.885820,2.2795986622073583,-20.80148286392796
010,2026-03-13T00:15:03.885820,2.295986622073579,-13.162181625550147
010,2026-03-13T00:15:03.885820,2.3123745819397996,-5.522704876231728
010,2026-03-13T00:15:03.885820,2.3287625418060203,2.1169461362733273
010,2026-03-13T00:15:03.885820,2.3451505016722414,9.756770181600587
010,2026-03-13T00:15:03.885820,2.361538461538462,17.396766046746052
010,2026-03-13T00:15:03.885820,2.3779264214046827,25.036932535498636
010,2026-03-13T00:15:03.885820,2.3943143812709033,32.677268468163675
010,2026-03-13T00:15:03.885820,2.410702341137124,40.317772681300994
010,2026-03-13T00:15:03.885820,2.427090301003345,47.95844402718649
010,2026-03-13T00:15:03.885820,2.4434782608695658,55.59928137372481
010,2026-03-13T00:15:03.885820,2.4598662207357864,63.240283603954595
010,2026-03-13T00:15:03.885820,2.476254180602007,70.88144961591752
010,2026-03-13T00:15:03.885820,2.4926421404682277,78.52277832217806
010,2026-03-13T00:15:03.885820,2.5090301003344484,86.16426864963432
010,2026-03-13T00:15:03.885820,2.5254180602006695,93.80591953927069
010,2026-03-13T00:15:03.885820,2.54180602006689,101.44772994575032
010,2026-03-13T00:15:03.885820,2.558193979933111,109.08969883742975
010,2026-03-13T00:15:03.885820,2.5745819397993315,116.7318251956167
010,2026-03-13T00:15:03.885820,2.590969899665552,124.37410801487567
010,2026-03-13T00:15:03.885820,2.607357859531773,132.01654630237317
010,2026-03-13T00:15:03.885820,2.623745819397994,139.6591390777321
010,2026-03-13T00:15:03.885820,2.6401337792642146,147.3018853730464
010,2026-03-13T00:15:03.885820,2.656521739130435,154.94478423216788
010,2026-03-13T00:15:03.885820,2.672909698996656,162.58783471102652
010,2026-03-13T00:15:03.885820,2.6892976588628765,170.2310358769755
010,2026-03-13T00:15:03.885820,2.7056856187290976,177.87438680877676
010,2026-03-13T00:15:03.885820,2.7220735785953183,-174.4821134035301
010,2026-03-13T00:15:03.885820,2.738461538461539,-166.83846565899148
010,2026-03-13T00:15:03.885820,2.7548494983277596,-159.19467084597272
010,2026-03-13T00:15:03.885820,2.7712374581939803,-151.55072984209983
010,2026-03-13T00:15:03.885820,2.787625418060201,-143.90664351469604
010,2026-03-13T00:15:03.885820,2.804013377926422,-136.26241272085463
010,2026-03-13T00:15:03.885820,2.8204013377926427,-128.6180383075407
010,2026-03-13T00:15:03.885820,2.8367892976588633,-120.97352111202781
010,2026-03-13T00:15:03.885820,2.853177257525084,-113.32886196178151
010,2026-03-13T00:15:03.885820,2.8695652173913047,-105.68406167476496
010,2026-03-13T00:15:03.885820,2.8859531772575258,-98.03912105955533
010,2026-03-13T00:15:03.885820,2.9023411371237464,-90.39404091567849
010,2026-03-13T00:15:03.885820,2.918729096989967,-82.74882203341986
010,2026-03-13T00:15:03.885820,2.9351170568561877,-75.10346519437735
010,2026-03-13T00:15:03.885820,2.9515050167224084,-67.45797117114125
010,2026-03-13T00:15:03.885820,2.967892976588629,-59.81234072800726
010,2026-03-13T00:15:03.885820,2.98428093645485,-52.16657462058356
010,2026-03-13T00:15:03.885820,3.000668896321071,-44.52067359625653
010,2026-03-13T00:15:03.885820,3.0170568561872915,-36.87463839427801
010,2026-03-13T00:15:03.885820,3.033444816053512,-29.228469745779876
010,2026-03-13T00:15:03.885820,3.049832775919733,-21.58216837402142
010,2026-03-13T00:15:03.885820,3.066220735785954,-13.935734994491213
010,2026-03-13T00:15:03.885820,3.0826086956521745,-6.28917031500896
010,2026-03-13T00:15:03.885820,3.098996655518395,1.3575249642162817
010,2026-03-13T00:15:03.885820,3.115384615384616,9.004350150295068
010,2026-03-13T00:15:03.885820,3.1317725752508365,16.65130455768667
010,2026-03-13T00:15:03.885820,3.148160535117057,24.298387508039013
010,2026-03-13T00:15:03.885820,3.1645484949832783,31.94559833004314
010,2026-03-13T00:15:03.885820,3.180936454849499,39.59293635938957
010,2026-03-13T00:15:03.885820,3.1973244147157196,47.24040093862277
010,2026-03-13T00:15:03.885820,3.2137123745819403,54.88799141696654
010,2026-03-13T00:15:03.885820,3.230100334448161,62.53570715044043
010,2026-03-13T00:15:03.885820,3.2464882943143816,70.18354750140861
010,2026-03-13T00:15:03.885820,3.2628762541806027,77.83151183887094
010,2026-03-13T00:15:03.885820,3.2792642140468233,85.47959953809914
010,2026-03-13T00:15:03.885820,3.295652173913044,93.12780998063681
010,2026-03-13T00:15:03.885820,3.3120401337792647,100.77614255406661
010,2026-03-13T00:15:03.885820,3.3284280936454853,108.42459665228671
010,2026-03-13T00:15:03.885820,3.3448160535117064,116.07317167488509
010,2026-03-13T00:15:03.885820,3.361204013377927,123.72186702760519
010,2026-03-13T00:15:03.885820,3.3775919732441477,131.37068212180748
010,2026-03-13T00:15:03.885820,3.3939799331103684,139.01961637471686
010,2026-03-13T00:15:03.885820,3.410367892976589,146.66866920905886
010,2026-03-13T00:15:03.885820,3.4267558528428097,154.3178400532488
010,2026-03-13T00:15:03.885820,3.443143812709031,161.9671283409989
010,2026-03-13T00:15:03.885820,3.4595317725752515,169.6165335116093
010,2026-03-13T00:15:03.885820,3.475919732441472,177.26605500963342
010,2026-03-13T00:15:03.885820,3.492307692307693,-175.08430771518033
010,2026-03-13T00:15:03.885820,3.5086956521739134,-167.43455520781572
010,2026-03-13T00:15:03.885820,3.5250836120401345,-159.78468800829432
010,2026-03-13T00:15:03.885820,3.541471571906355,-152.13470665145724
010,2026-03-13T00:15:03.885820,3.557859531772576,-144.48461166727066
010,2026-03-13T00:15:03.885820,3.5742474916387965,-136.8344035808259
010,2026-03-13T00:15:03.885820,3.590635451505017,-129.18408291233936
010,2026-03-13T00:15:03.885820,3.607023411371238,-121.53365017729811
010,2026-03-13T00:15:03.885820,3.623411371237459,-113.88310588648892
010,2026-03-13T00:15:03.885820,3.6397993311036796,-106.2324505460565
010,2026-03-13T00:15:03.885820,3.6561872909699002,-98.58168465760536
010,2026-03-13T00:15:03.885820,3.672575250836121,-90.93080871828715
010,2026-03-13T00:15:03.885820,3.6889632107023416,-83.2798232206842
010,2026-03-13T00:15:03.885820,3.7053511705685627,-75.62872865307145
010,2026-03-13T00:15:03.885820,3.7217391304347833,-67.97752549941652
010,2026-03-13T00:15:03.885820,3.738127090301004,-60.32621423940873
010,2026-03-13T00:15:03.885820,3.7545150501672246,-52.674795348459156
010,2026-03-13T00:15:03.885820,3.7709030100334453,-45.02326929787523
010,2026-03-13T00:15:03.885820,3.787290969899666,-37.37163655491895
010,2026-03-13T00:15:03.885820,3.803678929765887,-29.719897582690464
010,2026-03-13T00:15:03.885820,3.8200668896321077,-22.068052840273594
010,2026-03-13T00:15:03.885820,3.8364548494983284,-14.416102782997768
010,2026-03-13T00:15:03.885820,3.852842809364549,-6.76404786205967
010,2026-03-13T00:15:03.885820,3.8692307692307697,0.8881114749819972
010,2026-03-13T00:15:03.885820,3.885618729096991,8.540374784526648
010,2026-03-13T00:15:03.885820,3.9020066889632115,16.192741626582574
010,2026-03-13T00:15:03.885820,3.918394648829432,23.84521156505798
010,2026-03-13T00:15:03.885820,3.9347826086956528,31.497784167178907
010,2026-03-13T00:15:03.885820,3.9511705685618734,39.15045900415862
010,2026-03-13T00:15:03.885820,3.967558528428094,46.803235650615534
010,2026-03-13T00:15:03.885820,3.983946488294315,54.45611368454411
010,2026-03-13T00:15:03.885820,4.000334448160536,62.109092687722296
010,2026-03-13T00:15:03.885820,4.016722408026756,69.76217224501306
010,2026-03-13T00:15:03.885820,4.033110367892977,77.41535194497555
010,2026-03-13T00:15:03.885820,4.049498327759197,85.06863137934124
010,2026-03-13T00:15:03.885820,4.0658862876254185,92.72201014321763
010,2026-03-13T00:15:03.885820,4.08227424749164,100.37548783494276
010,2026-03-13T00:15:03.885820,4.09866220735786,108.0290640561143
010,2026-03-13T00:15:03.885820,4.115050167224081,115.68273841147311
010,2026-03-13T00:15:03.885820,4.131438127090301,123.33651050904882
010,2026-03-13T00:15:03.885820,4.147826086956522,130.99037995978142
010,2026-03-13T00:15:03.885820,4.164214046822742,138.64434637784143
010,2026-03-13T00:15:03.885820,4.1806020066889635,146.29840938042616
010,2026-03-13T00:15:03.885820,4.196989966555184,153.95256858770153
010,2026-03-13T00:15:03.885820,4.213377926421405,161.60682362277294
010,2026-03-13T00:15:03.885820,4.229765886287626,169.26117411180167
010,2026-03-13T00:15:03.885820,4.246153846153846,176.91561968365568
010,2026-03-13T00:15:03.885820,4.262541806020067,-175.42984002968296
010,2026-03-13T00:15:03.885820,4.2789297658862875,-167.77520539364195
010,2026-03-13T00:15:03.885820,4.295317725752509,-160.1204767706222
010,2026-03-13T00:15:03.885820,4.31170568561873,-152.46565452043433
010,2026-03-13T00:15:03.885820,4.32809364548495,-144.81073900009505
010,2026-03-13T00:15:03.885820,4.344481605351171,-137.1557305638271
010,2026-03-13T00:15:03.885820,4.360869565217391,-129.50062956329202
010,2026-03-13T00:15:03.885820,4.377257525083612,-121.84543634747388
010,2026-03-13T00:15:03.885820,4.393645484949833,-114.19015126262093
010,2026-03-13T00:15:03.885820,4.410033444816054,-106.53477465259493
010,2026-03-13T00:15:03.885820,4.426421404682275,-98.87930685852189
010,2026-03-13T00:15:03.885820,4.442809364548495,-91.22374821922858
010,2026-03-13T00:15:03.885820,4.459197324414716,-83.56809907071874
010,2026-03-13T00:15:03.885820,4.475585284280936,-75.9123597467551
010,2026-03-13T00:15:03.885820,4.491973244147157,-68.25653057853924
010,2026-03-13T00:15:03.885820,4.5083612040133785,-60.600611894973554
010,2026-03-13T00:15:03.885820,4.524749163879599,-52.94460402242839
010,2026-03-13T00:15:03.885820,4.54113712374582,-45.28850728503312
010,2026-03-13T00:15:03.885820,4.55752508361204,-37.63232200447237
010,2026-03-13T00:15:03.885820,4.573913043478261,-29.976048500073375
010,2026-03-13T00:15:03.885820,4.590301003344482,-22.31968708903878
010,2026-03-13T00:15:03.885820,4.606688963210702,-14.663238086272031
010,2026-03-13T00:15:03.885820,4.6230769230769235,-7.0067018042027485
010,2026-03-13T00:15:03.885820,4.639464882943144,0.6499214466603007
010,2026-03-13T00:15:03.885820,4.655852842809365,8.306631358223967
010,2026-03-13T00:15:03.885820,4.672240802675586,15.963427624403266
010,2026-03-13T00:15:03.885820,4.688628762541806,23.620309941354208
010,2026-03-13T00:15:03.885820,4.705016722408027,31.277278007328277
010,2026-03-13T00:15:03.885820,4.7214046822742475,38.93433152275975
010,2026-03-13T00:15:03.885820,4.737792642140469,46.59147019003285
010,2026-03-13T00:15:03.885820,4.75418060200669,54.248693713743705
010,2026-03-13T00:15:03.885820,4.77056856187291,61.90600180038018
010,2026-03-13T00:15:03.885820,4.786956521739131,69.56339415852563
010,2026-03-13T00:15:03.885820,4.803344481605351,77.22087049882975
010,2026-03-13T00:15:03.885820,4.819732441471572,84.87843053377583
010,2026-03-13T00:15:03.885820,4.8361204013377925,92.53607397782616
010,2026-03-13T00:15:03.885820,4.852508361204014,100.19380054762587
010,2026-03-13T00:15:03.885820,4.868896321070235,107.85160996127524
010,2026-03-13T00:15:03.885820,4.885284280936455,115.5095019392902
010,2026-03-13T00:15:03.885820,4.901672240802676,123.16747620367096
010,2026-03-13T00:15:03.885820,4.918060200668896,130.82553247842588
010,2026-03-13T00:15:03.885820,4.934448160535117,138.48367048951332
010,2026-03-13T00:15:03.885820,4.9508361204013385,146.1418899644632
010,2026-03-13T00:15:03.885820,4.967224080267559,153.8001906328136
010,2026-03-13T00:15:03.885820,4.98361204013378,161.45857222590712
010,2026-03-13T00:15:03.885820,5.0,169.11703447680338
